,"(deg C) Minimum Temperature (ERA5) at Polygon 1, 2006-06-18 to 2026-05-26","(deg C) Average Polygon 1"
"2006-06-18",25.4937,25.2732
"2006-06-19",25.4961
"2006-06-20",25.9663
"2006-06-21",25.8416
"2006-06-22",25.8508
"2006-06-23",25.5933
"2006-06-24",25.3427
"2006-06-25",25.9807
"2006-06-26",26.2993
"2006-06-27",25.6183
"2006-06-28",25.7377
"2006-06-29",24.81
"2006-06-30",25.357
"2006-07-01",25.9261
"2006-07-02",25.8737
"2006-07-03",25.0454
"2006-07-04",25.0493
"2006-07-05",24.6975
"2006-07-06",25.1252
"2006-07-07",25.1576
"2006-07-08",24.9354
"2006-07-09",25.425
"2006-07-10",25.1086
"2006-07-11",25.3144
"2006-07-12",25.022
"2006-07-13",25.2282
"2006-07-14",25.2774
"2006-07-15",24.4904
"2006-07-16",25.2882
"2006-07-17",24.7876
"2006-07-18",24.8646
"2006-07-19",25.0622
"2006-07-20",25.1865
"2006-07-21",24.8347
"2006-07-22",25.1239
"2006-07-23",25.3731
"2006-07-24",25.4565
"2006-07-25",25.3545
"2006-07-26",25.1617
"2006-07-27",25.0434
"2006-07-28",24.8048
"2006-07-29",24.892
"2006-07-30",24.7424
"2006-07-31",25.0459
"2006-08-01",25.4699
"2006-08-02",25.7879
"2006-08-03",25.918
"2006-08-04",25.0901
"2006-08-05",25.728
"2006-08-06",25.8296
"2006-08-07",26.0617
"2006-08-08",25.671
"2006-08-09",25.2464
"2006-08-10",25.2234
"2006-08-11",25.5912
"2006-08-12",25.688
"2006-08-13",25.8854
"2006-08-14",26.0909
"2006-08-15",25.7672
"2006-08-16",25.7671
"2006-08-17",25.6138
"2006-08-18",25.0272
"2006-08-19",25.8516
"2006-08-20",26.1464
"2006-08-21",25.2551
"2006-08-22",25.7768
"2006-08-23",25.6037
"2006-08-24",24.8077
"2006-08-25",24.6779
"2006-08-26",24.9002
"2006-08-27",25.8236
"2006-08-28",25.9211
"2006-08-29",25.3479
"2006-08-30",25.2694
"2006-08-31",26.1818
"2006-09-01",26.2658
"2006-09-02",26.4295
"2006-09-03",26.3583
"2006-09-04",26.492
"2006-09-05",25.714
"2006-09-06",24.5985
"2006-09-07",26.3328
"2006-09-08",25.672
"2006-09-09",26.5011
"2006-09-10",26.4971
"2006-09-11",26.7003
"2006-09-12",26.4366
"2006-09-13",25.0543
"2006-09-14",26.0182
"2006-09-15",25.9665
"2006-09-16",26.2094
"2006-09-17",26.4372
"2006-09-18",26.5279
"2006-09-19",25.301
"2006-09-20",26.2393
"2006-09-21",26.6883
"2006-09-22",26.578
"2006-09-23",26.5563
"2006-09-24",26.5149
"2006-09-25",26.7733
"2006-09-26",26.2029
"2006-09-27",26.9332
"2006-09-28",26.9119
"2006-09-29",26.6075
"2006-09-30",26.3503
"2006-10-01",26.7801
"2006-10-02",26.9677
"2006-10-03",26.6623
"2006-10-04",26.5282
"2006-10-05",27.1441
"2006-10-06",27.0588
"2006-10-07",27.1079
"2006-10-08",26.6777
"2006-10-09",26.463
"2006-10-10",26.1419
"2006-10-11",26.1769
"2006-10-12",26.5204
"2006-10-13",26.5504
"2006-10-14",26.5111
"2006-10-15",26.3852
"2006-10-16",26.4778
"2006-10-17",25.8918
"2006-10-18",25.6288
"2006-10-19",25.5431
"2006-10-20",25.759
"2006-10-21",25.3036
"2006-10-22",26.2916
"2006-10-23",26.2467
"2006-10-24",26.7685
"2006-10-25",26.1807
"2006-10-26",26.6876
"2006-10-27",26.7438
"2006-10-28",27.0288
"2006-10-29",26.3714
"2006-10-30",26.7104
"2006-10-31",26.3471
"2006-11-01",26.7379
"2006-11-02",26.515
"2006-11-03",26.265
"2006-11-04",26.1905
"2006-11-05",26.4163
"2006-11-06",26.5882
"2006-11-07",26.7985
"2006-11-08",26.4574
"2006-11-09",26.5101
"2006-11-10",26.5399
"2006-11-11",26.4608
"2006-11-12",26.4051
"2006-11-13",25.7201
"2006-11-14",24.8383
"2006-11-15",25.2047
"2006-11-16",25.6309
"2006-11-17",26.0674
"2006-11-18",25.5512
"2006-11-19",24.9372
"2006-11-20",26.0699
"2006-11-21",25.9849
"2006-11-22",25.9123
"2006-11-23",25.4274
"2006-11-24",25.5599
"2006-11-25",26.1029
"2006-11-26",26.2379
"2006-11-27",26.2302
"2006-11-28",26.3055
"2006-11-29",26.2064
"2006-11-30",26.0535
"2006-12-01",25.7496
"2006-12-02",25.9612
"2006-12-03",25.6402
"2006-12-04",25.5878
"2006-12-05",25.8445
"2006-12-06",25.953
"2006-12-07",25.8115
"2006-12-08",26.0761
"2006-12-09",25.7847
"2006-12-10",25.4959
"2006-12-11",25.5462
"2006-12-12",25.715
"2006-12-13",25.0771
"2006-12-14",25.1241
"2006-12-15",25.5454
"2006-12-16",25.5731
"2006-12-17",25.5034
"2006-12-18",25.4867
"2006-12-19",25.5295
"2006-12-20",25.3672
"2006-12-21",25.6442
"2006-12-22",24.9526
"2006-12-23",25.3588
"2006-12-24",25.0807
"2006-12-25",25.0141
"2006-12-26",24.8641
"2006-12-27",25.0795
"2006-12-28",24.8155
"2006-12-29",24.744
"2006-12-30",24.7109
"2006-12-31",24.7425
"2007-01-01",24.6104
"2007-01-02",24.6705
"2007-01-03",24.4771
"2007-01-04",24.1747
"2007-01-05",23.8639
"2007-01-06",23.9224
"2007-01-07",23.7578
"2007-01-08",23.9967
"2007-01-09",24.3132
"2007-01-10",24.3165
"2007-01-11",24.3939
"2007-01-12",24.3192
"2007-01-13",23.9661
"2007-01-14",24.1686
"2007-01-15",24.126
"2007-01-16",24.1948
"2007-01-17",24.482
"2007-01-18",24.221
"2007-01-19",24.1234
"2007-01-20",24.208
"2007-01-21",24.3891
"2007-01-22",24.2513
"2007-01-23",24.2393
"2007-01-24",24.3104
"2007-01-25",24.2581
"2007-01-26",23.7802
"2007-01-27",24.5172
"2007-01-28",24.2613
"2007-01-29",24.102
"2007-01-30",23.9716
"2007-01-31",23.4127
"2007-02-01",23.7592
"2007-02-02",23.6646
"2007-02-03",23.6325
"2007-02-04",23.5258
"2007-02-05",23.5857
"2007-02-06",23.7163
"2007-02-07",23.4867
"2007-02-08",23.6835
"2007-02-09",23.7992
"2007-02-10",23.5572
"2007-02-11",23.6739
"2007-02-12",23.7477
"2007-02-13",23.7536
"2007-02-14",23.7444
"2007-02-15",23.7129
"2007-02-16",23.5294
"2007-02-17",23.9007
"2007-02-18",23.6594
"2007-02-19",23.5911
"2007-02-20",23.2282
"2007-02-21",23.397
"2007-02-22",23.3587
"2007-02-23",23.677
"2007-02-24",24.3028
"2007-02-25",24.6154
"2007-02-26",24.107
"2007-02-27",24.2131
"2007-02-28",23.9457
"2007-03-01",24.0191
"2007-03-02",23.8792
"2007-03-03",24.0603
"2007-03-04",23.3981
"2007-03-05",23.4533
"2007-03-06",23.5744
"2007-03-07",23.0484
"2007-03-08",23.5279
"2007-03-09",23.0365
"2007-03-10",23.3095
"2007-03-11",23.2024
"2007-03-12",23.1684
"2007-03-13",23.4386
"2007-03-14",23.7421
"2007-03-15",23.5718
"2007-03-16",23.5489
"2007-03-17",23.7999
"2007-03-18",23.6606
"2007-03-19",23.904
"2007-03-20",24.2292
"2007-03-21",23.785
"2007-03-22",23.9313
"2007-03-23",23.764
"2007-03-24",23.724
"2007-03-25",23.5427
"2007-03-26",23.1954
"2007-03-27",23.2849
"2007-03-28",23.4438
"2007-03-29",23.5912
"2007-03-30",23.6227
"2007-03-31",23.8637
"2007-04-01",24.4597
"2007-04-02",24.3859
"2007-04-03",24.6276
"2007-04-04",24.5588
"2007-04-05",24.9487
"2007-04-06",25.3806
"2007-04-07",25.5422
"2007-04-08",25.5499
"2007-04-09",25.0744
"2007-04-10",24.8895
"2007-04-11",24.5963
"2007-04-12",24.6907
"2007-04-13",24.4554
"2007-04-14",24.4081
"2007-04-15",24.188
"2007-04-16",24.226
"2007-04-17",24.261
"2007-04-18",24.7143
"2007-04-19",24.7506
"2007-04-20",24.848
"2007-04-21",24.841
"2007-04-22",24.5488
"2007-04-23",24.8788
"2007-04-24",24.9084
"2007-04-25",25.0011
"2007-04-26",24.8739
"2007-04-27",24.7063
"2007-04-28",24.8238
"2007-04-29",25.1135
"2007-04-30",25.211
"2007-05-01",25.4013
"2007-05-02",25.8332
"2007-05-03",25.7202
"2007-05-04",25.254
"2007-05-05",25.7906
"2007-05-06",26.0537
"2007-05-07",25.3491
"2007-05-08",25.8387
"2007-05-09",26.0126
"2007-05-10",25.6533
"2007-05-11",26.0089
"2007-05-12",26.1128
"2007-05-13",26.0059
"2007-05-14",25.4051
"2007-05-15",25.545
"2007-05-16",25.7008
"2007-05-17",25.7516
"2007-05-18",25.9542
"2007-05-19",25.6836
"2007-05-20",25.5523
"2007-05-21",25.5125
"2007-05-22",25.6757
"2007-05-23",25.6388
"2007-05-24",26.0442
"2007-05-25",25.7324
"2007-05-26",25.3497
"2007-05-27",25.8119
"2007-05-28",25.6824
"2007-05-29",25.3896
"2007-05-30",25.5825
"2007-05-31",25.9794
"2007-06-01",25.4016
"2007-06-02",25.518
"2007-06-03",25.1917
"2007-06-04",24.4672
"2007-06-05",24.996
"2007-06-06",25.6351
"2007-06-07",25.3655
"2007-06-08",25.1819
"2007-06-09",25.0626
"2007-06-10",25.298
"2007-06-11",26.1352
"2007-06-12",25.6908
"2007-06-13",26.0285
"2007-06-14",25.5335
"2007-06-15",25.9191
"2007-06-16",25.8037
"2007-06-17",25.5881
"2007-06-18",25.6011
"2007-06-19",24.7465
"2007-06-20",25.0647
"2007-06-21",25.7305
"2007-06-22",25.4909
"2007-06-23",25.3928
"2007-06-24",25.1737
"2007-06-25",24.9177
"2007-06-26",24.7135
"2007-06-27",25.0852
"2007-06-28",24.9839
"2007-06-29",24.3739
"2007-06-30",24.524
"2007-07-01",24.0541
"2007-07-02",24.4839
"2007-07-03",24.6169
"2007-07-04",25.1303
"2007-07-05",25.4741
"2007-07-06",25.3485
"2007-07-07",25.4286
"2007-07-08",25.2824
"2007-07-09",25.3982
"2007-07-10",25.2307
"2007-07-11",25.2805
"2007-07-12",25.4378
"2007-07-13",25.3781
"2007-07-14",25.3773
"2007-07-15",25.5058
"2007-07-16",25.1534
"2007-07-17",25.3688
"2007-07-18",25.0543
"2007-07-19",24.8729
"2007-07-20",25.1978
"2007-07-21",25.0254
"2007-07-22",25.5821
"2007-07-23",25.1514
"2007-07-24",25.0804
"2007-07-25",25.3635
"2007-07-26",25.6887
"2007-07-27",25.6471
"2007-07-28",25.2975
"2007-07-29",24.176
"2007-07-30",24.8174
"2007-07-31",25.4441
"2007-08-01",25.1052
"2007-08-02",25.2475
"2007-08-03",25.434
"2007-08-04",24.678
"2007-08-05",25.017
"2007-08-06",25.578
"2007-08-07",25.5161
"2007-08-08",25.0435
"2007-08-09",25.0391
"2007-08-10",25.148
"2007-08-11",25.142
"2007-08-12",24.853
"2007-08-13",25.1073
"2007-08-14",26.003
"2007-08-15",25.182
"2007-08-16",24.9399
"2007-08-17",24.5379
"2007-08-18",25.5068
"2007-08-19",25.6838
"2007-08-20",25.3525
"2007-08-21",25.305
"2007-08-22",24.8881
"2007-08-23",24.7432
"2007-08-24",25.1097
"2007-08-25",25.6551
"2007-08-26",25.5627
"2007-08-27",24.2229
"2007-08-28",26.2252
"2007-08-29",26.3863
"2007-08-30",24.9643
"2007-08-31",25.0253
"2007-09-01",25.2855
"2007-09-02",24.9558
"2007-09-03",25.6823
"2007-09-04",25.3611
"2007-09-05",25.6011
"2007-09-06",26.1156
"2007-09-07",25.9326
"2007-09-08",25.3038
"2007-09-09",25.673
"2007-09-10",25.758
"2007-09-11",25.9533
"2007-09-12",26.611
"2007-09-13",26.5834
"2007-09-14",25.7689
"2007-09-15",25.6861
"2007-09-16",26.2511
"2007-09-17",26.6698
"2007-09-18",26.3012
"2007-09-19",26.314
"2007-09-20",26.9024
"2007-09-21",25.9903
"2007-09-22",26.6529
"2007-09-23",26.8793
"2007-09-24",26.4463
"2007-09-25",26.6093
"2007-09-26",26.1682
"2007-09-27",26.3028
"2007-09-28",26.2898
"2007-09-29",25.9725
"2007-09-30",25.773
"2007-10-01",25.5966
"2007-10-02",26.6808
"2007-10-03",26.1948
"2007-10-04",26.6534
"2007-10-05",26.3427
"2007-10-06",26.7556
"2007-10-07",26.6181
"2007-10-08",26.9496
"2007-10-09",26.7078
"2007-10-10",26.4826
"2007-10-11",25.2823
"2007-10-12",26.5131
"2007-10-13",26.3536
"2007-10-14",26.0228
"2007-10-15",25.854
"2007-10-16",26.353
"2007-10-17",26.765
"2007-10-18",26.5066
"2007-10-19",26.5978
"2007-10-20",26.6959
"2007-10-21",25.6886
"2007-10-22",25.3287
"2007-10-23",25.4722
"2007-10-24",25.5243
"2007-10-25",26.129
"2007-10-26",25.4007
"2007-10-27",25.9539
"2007-10-28",26.6413
"2007-10-29",25.9655
"2007-10-30",25.908
"2007-10-31",26.518
"2007-11-01",26.0992
"2007-11-02",26.2158
"2007-11-03",26.511
"2007-11-04",26.3696
"2007-11-05",26.3894
"2007-11-06",26.148
"2007-11-07",26.2562
"2007-11-08",26.4892
"2007-11-09",26.9014
"2007-11-10",26.8226
"2007-11-11",26.4813
"2007-11-12",26.4122
"2007-11-13",26.0916
"2007-11-14",25.792
"2007-11-15",26.0138
"2007-11-16",26.1195
"2007-11-17",26.6242
"2007-11-18",26.4703
"2007-11-19",26.405
"2007-11-20",25.9863
"2007-11-21",26.1027
"2007-11-22",26.2524
"2007-11-23",26.1767
"2007-11-24",25.9351
"2007-11-25",25.3747
"2007-11-26",25.6469
"2007-11-27",25.6384
"2007-11-28",25.2598
"2007-11-29",24.665
"2007-11-30",24.881
"2007-12-01",24.7836
"2007-12-02",24.7841
"2007-12-03",25.2588
"2007-12-04",25.3928
"2007-12-05",25.4248
"2007-12-06",25.2098
"2007-12-07",25.2238
"2007-12-08",24.2772
"2007-12-09",24.963
"2007-12-10",24.9228
"2007-12-11",25.534
"2007-12-12",25.5662
"2007-12-13",25.4633
"2007-12-14",24.8184
"2007-12-15",24.9893
"2007-12-16",24.7831
"2007-12-17",25.1471
"2007-12-18",25.4091
"2007-12-19",25.0506
"2007-12-20",25.2821
"2007-12-21",25.067
"2007-12-22",25.135
"2007-12-23",25.3005
"2007-12-24",25.1125
"2007-12-25",24.6952
"2007-12-26",25.0901
"2007-12-27",24.7197
"2007-12-28",24.7244
"2007-12-29",24.4544
"2007-12-30",23.2359
"2007-12-31",23.776
"2008-01-01",23.9969
"2008-01-02",24.0504
"2008-01-03",24.372
"2008-01-04",23.9978
"2008-01-05",24.1635
"2008-01-06",24.6475
"2008-01-07",24.0462
"2008-01-08",24.1686
"2008-01-09",23.8383
"2008-01-10",24.0262
"2008-01-11",24.1362
"2008-01-12",24.249
"2008-01-13",24.2894
"2008-01-14",24.7416
"2008-01-15",24.5388
"2008-01-16",24.7153
"2008-01-17",24.198
"2008-01-18",24.3195
"2008-01-19",24.3229
"2008-01-20",24.0732
"2008-01-21",24.2869
"2008-01-22",24.4641
"2008-01-23",23.7559
"2008-01-24",23.6721
"2008-01-25",23.2539
"2008-01-26",23.9002
"2008-01-27",23.8388
"2008-01-28",23.3638
"2008-01-29",23.7996
"2008-01-30",23.5154
"2008-01-31",23.5406
"2008-02-01",23.1766
"2008-02-02",22.7736
"2008-02-03",23.5836
"2008-02-04",23.5415
"2008-02-05",24.1236
"2008-02-06",23.7673
"2008-02-07",24.5223
"2008-02-08",24.8782
"2008-02-09",24.6739
"2008-02-10",24.5466
"2008-02-11",24.4479
"2008-02-12",24.1922
"2008-02-13",24.2873
"2008-02-14",24.3278
"2008-02-15",23.9966
"2008-02-16",23.8961
"2008-02-17",23.6407
"2008-02-18",24.0078
"2008-02-19",23.8957
"2008-02-20",23.5726
"2008-02-21",23.465
"2008-02-22",23.5166
"2008-02-23",23.6189
"2008-02-24",23.5101
"2008-02-25",23.3637
"2008-02-26",23.5818
"2008-02-27",23.3863
"2008-02-28",23.5955
"2008-02-29",23.6486
"2008-03-01",23.1873
"2008-03-02",23.4619
"2008-03-03",23.3921
"2008-03-04",24.0176
"2008-03-05",24.4718
"2008-03-06",24.1721
"2008-03-07",23.7554
"2008-03-08",24.0951
"2008-03-09",23.7887
"2008-03-10",23.8171
"2008-03-11",23.3103
"2008-03-12",23.7992
"2008-03-13",24.1433
"2008-03-14",23.719
"2008-03-15",23.9602
"2008-03-16",23.9231
"2008-03-17",23.5518
"2008-03-18",23.2336
"2008-03-19",23.4588
"2008-03-20",23.6019
"2008-03-21",23.8497
"2008-03-22",23.5615
"2008-03-23",23.9282
"2008-03-24",23.8592
"2008-03-25",23.3487
"2008-03-26",23.5548
"2008-03-27",23.3916
"2008-03-28",23.9284
"2008-03-29",23.8689
"2008-03-30",23.6543
"2008-03-31",23.8488
"2008-04-01",23.6733
"2008-04-02",23.7378
"2008-04-03",23.6742
"2008-04-04",24.0527
"2008-04-05",24.0693
"2008-04-06",24.05
"2008-04-07",23.9026
"2008-04-08",23.9346
"2008-04-09",23.849
"2008-04-10",23.9398
"2008-04-11",23.6759
"2008-04-12",23.7587
"2008-04-13",23.7704
"2008-04-14",23.7559
"2008-04-15",24.1331
"2008-04-16",24.1589
"2008-04-17",24.4357
"2008-04-18",24.4104
"2008-04-19",24.112
"2008-04-20",24.5125
"2008-04-21",24.3776
"2008-04-22",24.3925
"2008-04-23",24.6182
"2008-04-24",24.46
"2008-04-25",24.5977
"2008-04-26",25.0909
"2008-04-27",25.4379
"2008-04-28",25.1197
"2008-04-29",24.9938
"2008-04-30",25.0073
"2008-05-01",25.0316
"2008-05-02",25.2184
"2008-05-03",24.8705
"2008-05-04",24.589
"2008-05-05",24.3653
"2008-05-06",25.5381
"2008-05-07",25.4657
"2008-05-08",25.8258
"2008-05-09",25.3364
"2008-05-10",25.0201
"2008-05-11",25.1898
"2008-05-12",25.3717
"2008-05-13",25.2798
"2008-05-14",25.3639
"2008-05-15",25.1912
"2008-05-16",24.9872
"2008-05-17",24.969
"2008-05-18",25.2142
"2008-05-19",25.253
"2008-05-20",25.3339
"2008-05-21",24.8334
"2008-05-22",24.9538
"2008-05-23",25.2163
"2008-05-24",24.6834
"2008-05-25",24.8154
"2008-05-26",24.3343
"2008-05-27",24.2577
"2008-05-28",25.0394
"2008-05-29",25.5048
"2008-05-30",25.5498
"2008-05-31",25.6936
"2008-06-01",25.6243
"2008-06-02",24.9708
"2008-06-03",25.6244
"2008-06-04",25.065
"2008-06-05",25.542
"2008-06-06",25.7364
"2008-06-07",25.5986
"2008-06-08",25.4964
"2008-06-09",25.8147
"2008-06-10",25.5495
"2008-06-11",25.5132
"2008-06-12",25.5098
"2008-06-13",25.6931
"2008-06-14",25.7927
"2008-06-15",25.5819
"2008-06-16",25.6052
"2008-06-17",25.4437
"2008-06-18",25.1372
"2008-06-19",25.0857
"2008-06-20",24.9712
"2008-06-21",25.2025
"2008-06-22",25.1802
"2008-06-23",24.9661
"2008-06-24",25.0144
"2008-06-25",24.7715
"2008-06-26",24.412
"2008-06-27",24.2388
"2008-06-28",24.6563
"2008-06-29",24.5837
"2008-06-30",24.6782
"2008-07-01",24.7749
"2008-07-02",24.6629
"2008-07-03",24.6089
"2008-07-04",24.5496
"2008-07-05",24.8456
"2008-07-06",25.0164
"2008-07-07",25.2033
"2008-07-08",25.0105
"2008-07-09",24.8982
"2008-07-10",24.2873
"2008-07-11",24.2433
"2008-07-12",24.1542
"2008-07-13",24.6341
"2008-07-14",24.6767
"2008-07-15",24.8616
"2008-07-16",24.4396
"2008-07-17",23.7427
"2008-07-18",24.8033
"2008-07-19",25.1923
"2008-07-20",25.1904
"2008-07-21",24.7896
"2008-07-22",25.1786
"2008-07-23",25.5476
"2008-07-24",25.389
"2008-07-25",25.0051
"2008-07-26",25.6981
"2008-07-27",25.5278
"2008-07-28",25.106
"2008-07-29",25.0706
"2008-07-30",25.086
"2008-07-31",25.2483
"2008-08-01",25.2595
"2008-08-02",25.2943
"2008-08-03",25.444
"2008-08-04",25.8859
"2008-08-05",25.577
"2008-08-06",25.0424
"2008-08-07",26.1187
"2008-08-08",25.4832
"2008-08-09",25.8388
"2008-08-10",24.7048
"2008-08-11",25.3877
"2008-08-12",25.536
"2008-08-13",25.3616
"2008-08-14",25.3203
"2008-08-15",25.1887
"2008-08-16",25.8371
"2008-08-17",26.1144
"2008-08-18",26.5762
"2008-08-19",26.0185
"2008-08-20",25.6932
"2008-08-21",25.0398
"2008-08-22",24.9741
"2008-08-23",25.318
"2008-08-24",24.3401
"2008-08-25",25.5546
"2008-08-26",26.6152
"2008-08-27",25.1939
"2008-08-28",25.3813
"2008-08-29",26.674
"2008-08-30",26.2671
"2008-08-31",26.703
"2008-09-01",26.9444
"2008-09-02",25.9676
"2008-09-03",26.5629
"2008-09-04",26.0775
"2008-09-05",26.9529
"2008-09-06",27.1158
"2008-09-07",26.3517
"2008-09-08",26.5402
"2008-09-09",26.0744
"2008-09-10",26.8761
"2008-09-11",25.4355
"2008-09-12",25.5365
"2008-09-13",26.2288
"2008-09-14",26.3465
"2008-09-15",26.2318
"2008-09-16",26.2383
"2008-09-17",26.5028
"2008-09-18",25.0528
"2008-09-19",25.5008
"2008-09-20",26.6527
"2008-09-21",26.5578
"2008-09-22",26.6943
"2008-09-23",26.6564
"2008-09-24",25.602
"2008-09-25",26.2945
"2008-09-26",27.2284
"2008-09-27",25.4752
"2008-09-28",25.6503
"2008-09-29",26.8541
"2008-09-30",27.2504
"2008-10-01",26.8055
"2008-10-02",27.0869
"2008-10-03",26.5002
"2008-10-04",25.581
"2008-10-05",26.5781
"2008-10-06",26.3166
"2008-10-07",26.1961
"2008-10-08",24.8816
"2008-10-09",26.3495
"2008-10-10",25.5416
"2008-10-11",25.0702
"2008-10-12",25.6298
"2008-10-13",25.8977
"2008-10-14",25.5562
"2008-10-15",25.2615
"2008-10-16",26.2071
"2008-10-17",25.5839
"2008-10-18",25.9678
"2008-10-19",26.3325
"2008-10-20",25.4513
"2008-10-21",25.9937
"2008-10-22",26.7657
"2008-10-23",26.8096
"2008-10-24",25.1497
"2008-10-25",24.7698
"2008-10-26",26.1882
"2008-10-27",26.6933
"2008-10-28",26.2578
"2008-10-29",26.9883
"2008-10-30",26.4188
"2008-10-31",26.4528
"2008-11-01",25.5473
"2008-11-02",25.8189
"2008-11-03",26.2146
"2008-11-04",26.0384
"2008-11-05",25.8785
"2008-11-06",26.5874
"2008-11-07",26.3929
"2008-11-08",26.668
"2008-11-09",26.8991
"2008-11-10",26.7288
"2008-11-11",26.2341
"2008-11-12",26.1154
"2008-11-13",26.1128
"2008-11-14",26.4633
"2008-11-15",26.1299
"2008-11-16",25.5783
"2008-11-17",25.3702
"2008-11-18",25.2766
"2008-11-19",25.8227
"2008-11-20",25.2277
"2008-11-21",25.0053
"2008-11-22",25.0499
"2008-11-23",26.0723
"2008-11-24",25.7686
"2008-11-25",25.9226
"2008-11-26",25.4835
"2008-11-27",25.7316
"2008-11-28",24.8433
"2008-11-29",25.2686
"2008-11-30",25.6193
"2008-12-01",25.3474
"2008-12-02",25.5574
"2008-12-03",25.2353
"2008-12-04",24.4213
"2008-12-05",25.0333
"2008-12-06",25.0742
"2008-12-07",25.3355
"2008-12-08",25.3312
"2008-12-09",24.563
"2008-12-10",24.4948
"2008-12-11",24.6961
"2008-12-12",24.968
"2008-12-13",25.5779
"2008-12-14",24.8993
"2008-12-15",24.8823
"2008-12-16",24.2798
"2008-12-17",24.3268
"2008-12-18",24.7945
"2008-12-19",24.7592
"2008-12-20",23.7439
"2008-12-21",24.0525
"2008-12-22",24.721
"2008-12-23",24.923
"2008-12-24",24.3398
"2008-12-25",24.5657
"2008-12-26",24.1967
"2008-12-27",24.2854
"2008-12-28",23.991
"2008-12-29",24.3878
"2008-12-30",24.5476
"2008-12-31",24.6472
"2009-01-01",24.7288
"2009-01-02",24.6425
"2009-01-03",24.6919
"2009-01-04",24.778
"2009-01-05",24.1216
"2009-01-06",24.4995
"2009-01-07",24.5159
"2009-01-08",24.4814
"2009-01-09",24.8699
"2009-01-10",24.6972
"2009-01-11",24.3986
"2009-01-12",24.3763
"2009-01-13",24.1212
"2009-01-14",24.1121
"2009-01-15",24.2149
"2009-01-16",23.4658
"2009-01-17",24.1788
"2009-01-18",24.4061
"2009-01-19",24.1459
"2009-01-20",24.6392
"2009-01-21",24.572
"2009-01-22",24.692
"2009-01-23",23.9822
"2009-01-24",23.9333
"2009-01-25",24.3121
"2009-01-26",24.234
"2009-01-27",24.3799
"2009-01-28",23.9961
"2009-01-29",24.0069
"2009-01-30",24.2135
"2009-01-31",23.6079
"2009-02-01",24.3058
"2009-02-02",23.9862
"2009-02-03",24.2588
"2009-02-04",24.2145
"2009-02-05",24.2962
"2009-02-06",23.6183
"2009-02-07",23.8513
"2009-02-08",23.8914
"2009-02-09",24.2079
"2009-02-10",24.2339
"2009-02-11",24.5327
"2009-02-12",24.3375
"2009-02-13",23.65
"2009-02-14",23.5211
"2009-02-15",23.4369
"2009-02-16",23.2552
"2009-02-17",23.7467
"2009-02-18",23.9981
"2009-02-19",24.0764
"2009-02-20",23.773
"2009-02-21",24.062
"2009-02-22",24.0272
"2009-02-23",23.6083
"2009-02-24",23.4709
"2009-02-25",23.5637
"2009-02-26",23.5017
"2009-02-27",23.8467
"2009-02-28",23.5282
"2009-03-01",23.8246
"2009-03-02",23.919
"2009-03-03",23.9981
"2009-03-04",24.161
"2009-03-05",24.2565
"2009-03-06",23.7019
"2009-03-07",23.3949
"2009-03-08",23.2144
"2009-03-09",22.9603
"2009-03-10",23.4343
"2009-03-11",23.4172
"2009-03-12",23.2911
"2009-03-13",23.568
"2009-03-14",23.7324
"2009-03-15",23.9267
"2009-03-16",24.006
"2009-03-17",23.7727
"2009-03-18",23.8574
"2009-03-19",24.2334
"2009-03-20",24.6922
"2009-03-21",24.7641
"2009-03-22",24.4451
"2009-03-23",24.2029
"2009-03-24",24.2061
"2009-03-25",24.1148
"2009-03-26",24.1812
"2009-03-27",24.3528
"2009-03-28",24.1103
"2009-03-29",24.1174
"2009-03-30",24.1901
"2009-03-31",24.1354
"2009-04-01",24.4121
"2009-04-02",24.2053
"2009-04-03",24.1755
"2009-04-04",24.187
"2009-04-05",24.2919
"2009-04-06",24.3931
"2009-04-07",24.5254
"2009-04-08",24.4136
"2009-04-09",24.2328
"2009-04-10",24.5929
"2009-04-11",24.5214
"2009-04-12",24.566
"2009-04-13",24.4295
"2009-04-14",24.6937
"2009-04-15",24.601
"2009-04-16",24.7269
"2009-04-17",24.5669
"2009-04-18",24.4336
"2009-04-19",24.4292
"2009-04-20",24.8111
"2009-04-21",24.9685
"2009-04-22",24.8976
"2009-04-23",24.5983
"2009-04-24",24.4113
"2009-04-25",24.6221
"2009-04-26",24.477
"2009-04-27",24.6768
"2009-04-28",24.7588
"2009-04-29",24.7445
"2009-04-30",24.8948
"2009-05-01",25.4055
"2009-05-02",25.2406
"2009-05-03",24.7244
"2009-05-04",24.9629
"2009-05-05",25.2812
"2009-05-06",25.1093
"2009-05-07",25.2596
"2009-05-08",25.0968
"2009-05-09",25.0286
"2009-05-10",24.7797
"2009-05-11",24.5912
"2009-05-12",24.6099
"2009-05-13",24.8227
"2009-05-14",24.8216
"2009-05-15",24.9495
"2009-05-16",24.8636
"2009-05-17",24.8742
"2009-05-18",24.9957
"2009-05-19",25.1656
"2009-05-20",25.1041
"2009-05-21",25.2257
"2009-05-22",25.4534
"2009-05-23",25.7809
"2009-05-24",25.5229
"2009-05-25",25.589
"2009-05-26",25.2532
"2009-05-27",25.1871
"2009-05-28",24.8836
"2009-05-29",24.9762
"2009-05-30",24.9228
"2009-05-31",25.1826
"2009-06-01",25.0793
"2009-06-02",24.7576
"2009-06-03",24.9108
"2009-06-04",25.2703
"2009-06-05",25.1244
"2009-06-06",25.1105
"2009-06-07",24.5718
"2009-06-08",24.6481
"2009-06-09",24.8169
"2009-06-10",25.1135
"2009-06-11",25.1987
"2009-06-12",24.9913
"2009-06-13",25.1045
"2009-06-14",23.9809
"2009-06-15",25.1905
"2009-06-16",25.1017
"2009-06-17",25.1801
"2009-06-18",25.3102
"2009-06-19",25.6197
"2009-06-20",25.6966
"2009-06-21",25.4513
"2009-06-22",25.1948
"2009-06-23",24.743
"2009-06-24",25.735
"2009-06-25",25.6894
"2009-06-26",25.1381
"2009-06-27",25.6737
"2009-06-28",25.8104
"2009-06-29",26.1492
"2009-06-30",25.8471
"2009-07-01",26.0598
"2009-07-02",25.8292
"2009-07-03",25.6954
"2009-07-04",25.7229
"2009-07-05",25.7747
"2009-07-06",25.8147
"2009-07-07",25.8283
"2009-07-08",25.6535
"2009-07-09",25.697
"2009-07-10",25.691
"2009-07-11",25.2654
"2009-07-12",25.4983
"2009-07-13",25.5193
"2009-07-14",25.566
"2009-07-15",24.9674
"2009-07-16",24.8941
"2009-07-17",25.4744
"2009-07-18",25.2504
"2009-07-19",25.7435
"2009-07-20",25.7037
"2009-07-21",25.644
"2009-07-22",26.1816
"2009-07-23",26.0585
"2009-07-24",25.665
"2009-07-25",25.8658
"2009-07-26",25.5488
"2009-07-27",25.7003
"2009-07-28",25.842
"2009-07-29",25.6374
"2009-07-30",25.6753
"2009-07-31",25.6119
"2009-08-01",25.2404
"2009-08-02",25.1841
"2009-08-03",25.2306
"2009-08-04",25.5973
"2009-08-05",25.5037
"2009-08-06",25.4753
"2009-08-07",25.8401
"2009-08-08",25.6529
"2009-08-09",25.1884
"2009-08-10",24.6504
"2009-08-11",25.1277
"2009-08-12",25.031
"2009-08-13",25.2372
"2009-08-14",25.7352
"2009-08-15",25.7658
"2009-08-16",26.0454
"2009-08-17",26.2758
"2009-08-18",25.8919
"2009-08-19",25.9282
"2009-08-20",26.1678
"2009-08-21",25.7519
"2009-08-22",26.0694
"2009-08-23",25.0224
"2009-08-24",25.8155
"2009-08-25",25.752
"2009-08-26",26.1029
"2009-08-27",26.152
"2009-08-28",25.889
"2009-08-29",25.7721
"2009-08-30",26.1527
"2009-08-31",25.9691
"2009-09-01",26.4272
"2009-09-02",26.4975
"2009-09-03",25.7273
"2009-09-04",26.4282
"2009-09-05",26.7993
"2009-09-06",26.7418
"2009-09-07",26.7573
"2009-09-08",26.4357
"2009-09-09",26.5453
"2009-09-10",26.4547
"2009-09-11",26.7767
"2009-09-12",25.4153
"2009-09-13",25.4084
"2009-09-14",25.6469
"2009-09-15",26.0273
"2009-09-16",25.653
"2009-09-17",26.0527
"2009-09-18",26.3157
"2009-09-19",26.5712
"2009-09-20",26.4521
"2009-09-21",26.7351
"2009-09-22",26.8592
"2009-09-23",26.7898
"2009-09-24",27.0119
"2009-09-25",26.8875
"2009-09-26",26.9477
"2009-09-27",26.7399
"2009-09-28",26.6184
"2009-09-29",26.6209
"2009-09-30",26.7907
"2009-10-01",26.8286
"2009-10-02",25.755
"2009-10-03",26.7016
"2009-10-04",26.4649
"2009-10-05",26.8601
"2009-10-06",26.1345
"2009-10-07",25.7573
"2009-10-08",26.4708
"2009-10-09",26.5085
"2009-10-10",26.422
"2009-10-11",26.1063
"2009-10-12",26.2201
"2009-10-13",26.2457
"2009-10-14",25.9824
"2009-10-15",26.0069
"2009-10-16",25.8954
"2009-10-17",25.9005
"2009-10-18",26.1921
"2009-10-19",26.1874
"2009-10-20",26.0203
"2009-10-21",26.2108
"2009-10-22",26.2137
"2009-10-23",26.2908
"2009-10-24",26.2845
"2009-10-25",26.4104
"2009-10-26",26.1849
"2009-10-27",25.9488
"2009-10-28",26.0598
"2009-10-29",26.2136
"2009-10-30",26.1861
"2009-10-31",25.5358
"2009-11-01",25.2321
"2009-11-02",25.5204
"2009-11-03",25.7362
"2009-11-04",25.9281
"2009-11-05",26.3687
"2009-11-06",26.0457
"2009-11-07",26.3563
"2009-11-08",26.4249
"2009-11-09",26.5327
"2009-11-10",26.5369
"2009-11-11",26.8024
"2009-11-12",26.6941
"2009-11-13",26.6751
"2009-11-14",26.6618
"2009-11-15",26.6841
"2009-11-16",27.059
"2009-11-17",27.0632
"2009-11-18",26.7866
"2009-11-19",26.9527
"2009-11-20",26.908
"2009-11-21",26.9576
"2009-11-22",26.6638
"2009-11-23",26.4256
"2009-11-24",26.2008
"2009-11-25",26.2584
"2009-11-26",26.2707
"2009-11-27",25.8817
"2009-11-28",26.0902
"2009-11-29",26.0289
"2009-11-30",25.7899
"2009-12-01",25.6953
"2009-12-02",25.8765
"2009-12-03",25.8478
"2009-12-04",25.6306
"2009-12-05",24.866
"2009-12-06",25.4416
"2009-12-07",25.4285
"2009-12-08",25.4711
"2009-12-09",25.2902
"2009-12-10",25.4081
"2009-12-11",25.3437
"2009-12-12",25.0441
"2009-12-13",24.9946
"2009-12-14",24.88
"2009-12-15",24.6
"2009-12-16",24.5356
"2009-12-17",24.624
"2009-12-18",24.7327
"2009-12-19",24.8634
"2009-12-20",25.2714
"2009-12-21",25.1473
"2009-12-22",25.2631
"2009-12-23",25.24
"2009-12-24",25.8652
"2009-12-25",25.9136
"2009-12-26",25.5211
"2009-12-27",25.2974
"2009-12-28",25.0372
"2009-12-29",25.0258
"2009-12-30",24.6868
"2009-12-31",24.3923
"2010-01-01",24.2618
"2010-01-02",24.344
"2010-01-03",23.8372
"2010-01-04",24.3473
"2010-01-05",25.2711
"2010-01-06",24.8406
"2010-01-07",24.7942
"2010-01-08",24.5328
"2010-01-09",24.4338
"2010-01-10",24.5238
"2010-01-11",24.7217
"2010-01-12",24.5579
"2010-01-13",24.7977
"2010-01-14",24.314
"2010-01-15",24.7269
"2010-01-16",24.2917
"2010-01-17",24.3857
"2010-01-18",24.5861
"2010-01-19",24.7706
"2010-01-20",24.1819
"2010-01-21",24.6123
"2010-01-22",24.3953
"2010-01-23",24.6935
"2010-01-24",24.7488
"2010-01-25",24.3365
"2010-01-26",24.233
"2010-01-27",23.7382
"2010-01-28",23.7364
"2010-01-29",23.5984
"2010-01-30",24.0118
"2010-01-31",24.0478
"2010-02-01",24.3856
"2010-02-02",24.1335
"2010-02-03",24.0786
"2010-02-04",23.8525
"2010-02-05",24.2732
"2010-02-06",23.8319
"2010-02-07",23.5441
"2010-02-08",23.6512
"2010-02-09",24.3151
"2010-02-10",24.1749
"2010-02-11",23.9953
"2010-02-12",24.0272
"2010-02-13",24.1439
"2010-02-14",23.9489
"2010-02-15",23.3457
"2010-02-16",23.4428
"2010-02-17",23.4856
"2010-02-18",23.9638
"2010-02-19",23.7424
"2010-02-20",24.4741
"2010-02-21",24.2285
"2010-02-22",24.2942
"2010-02-23",24.3258
"2010-02-24",25.0258
"2010-02-25",24.9363
"2010-02-26",24.6115
"2010-02-27",24.746
"2010-02-28",24.9736
"2010-03-01",24.8333
"2010-03-02",25.374
"2010-03-03",25.5652
"2010-03-04",25.8686
"2010-03-05",26.0115
"2010-03-06",25.921
"2010-03-07",26.3523
"2010-03-08",26.1838
"2010-03-09",26.1873
"2010-03-10",26.6232
"2010-03-11",26.6761
"2010-03-12",26.4759
"2010-03-13",26.283
"2010-03-14",26.1085
"2010-03-15",25.9684
"2010-03-16",26.1906
"2010-03-17",26.0956
"2010-03-18",26.2922
"2010-03-19",26.167
"2010-03-20",26.1319
"2010-03-21",26.1432
"2010-03-22",25.5404
"2010-03-23",25.014
"2010-03-24",25.2464
"2010-03-25",25.4396
"2010-03-26",25.4042
"2010-03-27",25.4359
"2010-03-28",25.4677
"2010-03-29",25.5685
"2010-03-30",25.4715
"2010-03-31",25.6199
"2010-04-01",25.6668
"2010-04-02",25.3454
"2010-04-03",25.4767
"2010-04-04",25.5988
"2010-04-05",25.5984
"2010-04-06",25.3476
"2010-04-07",25.19
"2010-04-08",25.0321
"2010-04-09",25.0492
"2010-04-10",25.1807
"2010-04-11",25.315
"2010-04-12",25.4443
"2010-04-13",25.8548
"2010-04-14",25.6797
"2010-04-15",25.5399
"2010-04-16",24.9278
"2010-04-17",25.5807
"2010-04-18",25.767
"2010-04-19",25.8777
"2010-04-20",26.3585
"2010-04-21",26.8643
"2010-04-22",26.4843
"2010-04-23",27.0055
"2010-04-24",26.6987
"2010-04-25",27.0934
"2010-04-26",26.3331
"2010-04-27",26.7609
"2010-04-28",26.2626
"2010-04-29",26.5568
"2010-04-30",26.114
"2010-05-01",25.9976
"2010-05-02",26.004
"2010-05-03",26.0724
"2010-05-04",25.6523
"2010-05-05",25.4451
"2010-05-06",25.7989
"2010-05-07",26.0177
"2010-05-08",25.9982
"2010-05-09",26.2287
"2010-05-10",25.988
"2010-05-11",26.0608
"2010-05-12",25.6479
"2010-05-13",25.375
"2010-05-14",24.9588
"2010-05-15",25.2149
"2010-05-16",25.3255
"2010-05-17",25.963
"2010-05-18",26.1559
"2010-05-19",25.4595
"2010-05-20",26.05
"2010-05-21",26.0695
"2010-05-22",25.7548
"2010-05-23",25.2324
"2010-05-24",25.8759
"2010-05-25",26.281
"2010-05-26",26.3011
"2010-05-27",26.0801
"2010-05-28",26.0378
"2010-05-29",25.8102
"2010-05-30",26.6075
"2010-05-31",26.598
"2010-06-01",26.1416
"2010-06-02",25.9401
"2010-06-03",26.3711
"2010-06-04",27.0036
"2010-06-05",26.919
"2010-06-06",25.6551
"2010-06-07",25.7636
"2010-06-08",26.8555
"2010-06-09",25.9125
"2010-06-10",25.127
"2010-06-11",25.5352
"2010-06-12",25.2711
"2010-06-13",25.9878
"2010-06-14",25.9888
"2010-06-15",26.5295
"2010-06-16",26.6025
"2010-06-17",26.0562
"2010-06-18",25.7096
"2010-06-19",26.4003
"2010-06-20",25.6808
"2010-06-21",25.1824
"2010-06-22",26.0521
"2010-06-23",25.6779
"2010-06-24",25.8461
"2010-06-25",26.6586
"2010-06-26",25.9811
"2010-06-27",26.6269
"2010-06-28",26.4323
"2010-06-29",26.4676
"2010-06-30",24.8873
"2010-07-01",24.9247
"2010-07-02",24.8731
"2010-07-03",25.5783
"2010-07-04",25.4123
"2010-07-05",25.4685
"2010-07-06",25.5711
"2010-07-07",26.0149
"2010-07-08",24.966
"2010-07-09",25.2226
"2010-07-10",25.533
"2010-07-11",25.5244
"2010-07-12",25.898
"2010-07-13",25.3528
"2010-07-14",26.0131
"2010-07-15",25.5489
"2010-07-16",25.2828
"2010-07-17",24.9016
"2010-07-18",24.6622
"2010-07-19",24.9004
"2010-07-20",25.3864
"2010-07-21",25.8083
"2010-07-22",25.6645
"2010-07-23",25.7342
"2010-07-24",26.1482
"2010-07-25",26.3613
"2010-07-26",25.5457
"2010-07-27",25.9405
"2010-07-28",25.5109
"2010-07-29",25.7391
"2010-07-30",25.4528
"2010-07-31",25.7531
"2010-08-01",26.1833
"2010-08-02",25.7086
"2010-08-03",25.0335
"2010-08-04",25.3795
"2010-08-05",25.9277
"2010-08-06",25.412
"2010-08-07",24.8157
"2010-08-08",25.778
"2010-08-09",26.5909
"2010-08-10",25.659
"2010-08-11",25.4303
"2010-08-12",25.5975
"2010-08-13",26.3533
"2010-08-14",25.9776
"2010-08-15",25.4224
"2010-08-16",25.1671
"2010-08-17",25.8155
"2010-08-18",25.8641
"2010-08-19",25.2278
"2010-08-20",25.023
"2010-08-21",24.816
"2010-08-22",25.0467
"2010-08-23",25.6124
"2010-08-24",26.0965
"2010-08-25",24.7308
"2010-08-26",25.2908
"2010-08-27",26.0272
"2010-08-28",26.6209
"2010-08-29",26.8895
"2010-08-30",26.7187
"2010-08-31",26.8122
"2010-09-01",27.1096
"2010-09-02",27.403
"2010-09-03",27.4913
"2010-09-04",26.3858
"2010-09-05",26.1354
"2010-09-06",27.4309
"2010-09-07",26.2805
"2010-09-08",25.0557
"2010-09-09",24.8907
"2010-09-10",25.225
"2010-09-11",26.0039
"2010-09-12",26.5693
"2010-09-13",27.4404
"2010-09-14",26.8249
"2010-09-15",26.4729
"2010-09-16",24.6514
"2010-09-17",26.3145
"2010-09-18",25.9433
"2010-09-19",26.6862
"2010-09-20",26.202
"2010-09-21",25.1623
"2010-09-22",25.8977
"2010-09-23",26.7569
"2010-09-24",26.8472
"2010-09-25",25.2627
"2010-09-26",26.0331
"2010-09-27",27.179
"2010-09-28",26.8679
"2010-09-29",27.3739
"2010-09-30",27.4401
"2010-10-01",25.3967
"2010-10-02",25.1837
"2010-10-03",25.3728
"2010-10-04",25.7071
"2010-10-05",25.78
"2010-10-06",26.4003
"2010-10-07",27.1481
"2010-10-08",26.7457
"2010-10-09",27.1464
"2010-10-10",26.7599
"2010-10-11",26.5376
"2010-10-12",26.8557
"2010-10-13",26.7482
"2010-10-14",27.0483
"2010-10-15",26.9184
"2010-10-16",27.4737
"2010-10-17",26.062
"2010-10-18",26.7398
"2010-10-19",26.4014
"2010-10-20",26.1686
"2010-10-21",26.2601
"2010-10-22",26.8197
"2010-10-23",27.2266
"2010-10-24",26.2566
"2010-10-25",26.704
"2010-10-26",26.7487
"2010-10-27",26.5059
"2010-10-28",25.9931
"2010-10-29",26.9192
"2010-10-30",26.6287
"2010-10-31",26.6222
"2010-11-01",26.1439
"2010-11-02",25.6561
"2010-11-03",25.1705
"2010-11-04",25.7473
"2010-11-05",26.9658
"2010-11-06",26.1641
"2010-11-07",25.9417
"2010-11-08",25.8176
"2010-11-09",26.2589
"2010-11-10",26.0992
"2010-11-11",26.8369
"2010-11-12",25.7486
"2010-11-13",25.1327
"2010-11-14",25.497
"2010-11-15",25.4262
"2010-11-16",26.4896
"2010-11-17",26.5079
"2010-11-18",25.0203
"2010-11-19",25.2344
"2010-11-20",25.8719
"2010-11-21",26.2124
"2010-11-22",25.895
"2010-11-23",25.3706
"2010-11-24",25.5321
"2010-11-25",25.9534
"2010-11-26",25.5991
"2010-11-27",25.6889
"2010-11-28",25.0699
"2010-11-29",25.8628
"2010-11-30",25.7261
"2010-12-01",26.2762
"2010-12-02",24.8736
"2010-12-03",25.4395
"2010-12-04",24.6715
"2010-12-05",25.1638
"2010-12-06",25.2169
"2010-12-07",25.1226
"2010-12-08",25.3452
"2010-12-09",25.2725
"2010-12-10",25.7691
"2010-12-11",25.6793
"2010-12-12",25.6823
"2010-12-13",25.6592
"2010-12-14",25.416
"2010-12-15",25.035
"2010-12-16",25.1667
"2010-12-17",25.3864
"2010-12-18",24.9789
"2010-12-19",24.7189
"2010-12-20",25.6381
"2010-12-21",25.4734
"2010-12-22",25.3268
"2010-12-23",25.2152
"2010-12-24",24.7819
"2010-12-25",25.6048
"2010-12-26",25.269
"2010-12-27",25.0597
"2010-12-28",25.7926
"2010-12-29",24.9965
"2010-12-30",24.8769
"2010-12-31",25.2253
"2011-01-01",24.1607
"2011-01-02",24.0358
"2011-01-03",24.4224
"2011-01-04",24.2028
"2011-01-05",25.1291
"2011-01-06",24.7253
"2011-01-07",24.7037
"2011-01-08",25.1785
"2011-01-09",25.1127
"2011-01-10",24.8755
"2011-01-11",24.0767
"2011-01-12",24.1069
"2011-01-13",23.4501
"2011-01-14",24.8573
"2011-01-15",24.9545
"2011-01-16",24.8673
"2011-01-17",24.2237
"2011-01-18",24.0656
"2011-01-19",22.5557
"2011-01-20",24.0488
"2011-01-21",24.0416
"2011-01-22",23.665
"2011-01-23",23.3483
"2011-01-24",23.868
"2011-01-25",23.7176
"2011-01-26",23.8356
"2011-01-27",23.4696
"2011-01-28",23.9493
"2011-01-29",24.1883
"2011-01-30",24.201
"2011-01-31",24.0919
"2011-02-01",23.8066
"2011-02-02",24.0781
"2011-02-03",23.7299
"2011-02-04",23.198
"2011-02-05",23.6471
"2011-02-06",23.6554
"2011-02-07",23.9938
"2011-02-08",24.1471
"2011-02-09",23.7529
"2011-02-10",24.0416
"2011-02-11",24.3254
"2011-02-12",24.0567
"2011-02-13",23.6147
"2011-02-14",24.1139
"2011-02-15",23.9748
"2011-02-16",23.7194
"2011-02-17",23.8977
"2011-02-18",24.0142
"2011-02-19",23.4868
"2011-02-20",23.2786
"2011-02-21",23.8518
"2011-02-22",24.0098
"2011-02-23",24.0782
"2011-02-24",24.0431
"2011-02-25",23.875
"2011-02-26",23.8932
"2011-02-27",23.6583
"2011-02-28",23.7005
"2011-03-01",23.2008
"2011-03-02",23.7719
"2011-03-03",23.5131
"2011-03-04",23.8266
"2011-03-05",24.0576
"2011-03-06",24.1105
"2011-03-07",24.0779
"2011-03-08",24.2082
"2011-03-09",24.1436
"2011-03-10",23.3536
"2011-03-11",23.7004
"2011-03-12",23.33
"2011-03-13",23.3391
"2011-03-14",23.5001
"2011-03-15",24.0156
"2011-03-16",24.155
"2011-03-17",24.1081
"2011-03-18",24.2042
"2011-03-19",24.2828
"2011-03-20",24.1542
"2011-03-21",23.8788
"2011-03-22",23.8317
"2011-03-23",24.1168
"2011-03-24",24.4482
"2011-03-25",24.4585
"2011-03-26",24.6875
"2011-03-27",24.6689
"2011-03-28",24.8422
"2011-03-29",24.7301
"2011-03-30",24.9198
"2011-03-31",24.4599
"2011-04-01",24.5245
"2011-04-02",24.5026
"2011-04-03",24.2724
"2011-04-04",24.1503
"2011-04-05",24.1122
"2011-04-06",24.2986
"2011-04-07",24.2621
"2011-04-08",24.1514
"2011-04-09",24.253
"2011-04-10",24.3941
"2011-04-11",24.1732
"2011-04-12",23.7092
"2011-04-13",24.0961
"2011-04-14",24.2989
"2011-04-15",24.6685
"2011-04-16",24.8289
"2011-04-17",24.5364
"2011-04-18",24.8519
"2011-04-19",24.7148
"2011-04-20",24.9354
"2011-04-21",24.8632
"2011-04-22",25.0227
"2011-04-23",24.9935
"2011-04-24",25.5531
"2011-04-25",25.6271
"2011-04-26",25.714
"2011-04-27",25.7664
"2011-04-28",25.5408
"2011-04-29",25.4491
"2011-04-30",25.5292
"2011-05-01",25.9275
"2011-05-02",25.6306
"2011-05-03",25.5101
"2011-05-04",24.7742
"2011-05-05",25.1691
"2011-05-06",25.7408
"2011-05-07",26.0541
"2011-05-08",26.5282
"2011-05-09",26.3873
"2011-05-10",25.7249
"2011-05-11",26.5824
"2011-05-12",26.6329
"2011-05-13",26.7031
"2011-05-14",25.8194
"2011-05-15",24.4926
"2011-05-16",25.7396
"2011-05-17",25.9056
"2011-05-18",25.8196
"2011-05-19",25.6421
"2011-05-20",25.8524
"2011-05-21",25.7789
"2011-05-22",26.0311
"2011-05-23",26.4875
"2011-05-24",26.1937
"2011-05-25",25.8367
"2011-05-26",26.3094
"2011-05-27",26.0151
"2011-05-28",26.4057
"2011-05-29",26.4112
"2011-05-30",26.0638
"2011-05-31",25.8898
"2011-06-01",25.385
"2011-06-02",25.2933
"2011-06-03",25.9708
"2011-06-04",25.391
"2011-06-05",25.1511
"2011-06-06",26.4069
"2011-06-07",26.0933
"2011-06-08",26.7166
"2011-06-09",26.0233
"2011-06-10",27.0947
"2011-06-11",27.0701
"2011-06-12",26.9474
"2011-06-13",26.8604
"2011-06-14",26.3933
"2011-06-15",25.9099
"2011-06-16",26.4208
"2011-06-17",26.4871
"2011-06-18",26.2439
"2011-06-19",25.5859
"2011-06-20",25.5883
"2011-06-21",26.0594
"2011-06-22",25.2686
"2011-06-23",25.5974
"2011-06-24",25.0863
"2011-06-25",25.7984
"2011-06-26",25.5442
"2011-06-27",24.8991
"2011-06-28",25.6845
"2011-06-29",25.5553
"2011-06-30",25.2749
"2011-07-01",24.8642
"2011-07-02",24.4871
"2011-07-03",25.5078
"2011-07-04",25.5663
"2011-07-05",25.2255
"2011-07-06",24.7557
"2011-07-07",24.6099
"2011-07-08",25.0384
"2011-07-09",24.9603
"2011-07-10",25.5273
"2011-07-11",25.3611
"2011-07-12",24.577
"2011-07-13",25.2671
"2011-07-14",25.1422
"2011-07-15",25.5719
"2011-07-16",25.6529
"2011-07-17",25.5957
"2011-07-18",25.4683
"2011-07-19",25.025
"2011-07-20",25.1897
"2011-07-21",25.5195
"2011-07-22",25.7951
"2011-07-23",25.7551
"2011-07-24",25.3157
"2011-07-25",24.9974
"2011-07-26",24.7133
"2011-07-27",25.1028
"2011-07-28",24.9781
"2011-07-29",25.9049
"2011-07-30",25.9985
"2011-07-31",26.1209
"2011-08-01",25.8205
"2011-08-02",26.133
"2011-08-03",26.6329
"2011-08-04",26.9484
"2011-08-05",26.6245
"2011-08-06",25.5707
"2011-08-07",25.7161
"2011-08-08",26.2241
"2011-08-09",26.3744
"2011-08-10",26.3624
"2011-08-11",26.009
"2011-08-12",26.1127
"2011-08-13",25.8227
"2011-08-14",25.5247
"2011-08-15",25.4603
"2011-08-16",25.3728
"2011-08-17",26.6321
"2011-08-18",26.46
"2011-08-19",26.4872
"2011-08-20",26.7347
"2011-08-21",26.4842
"2011-08-22",26.6214
"2011-08-23",25.9011
"2011-08-24",25.329
"2011-08-25",26.0095
"2011-08-26",26.1851
"2011-08-27",24.9589
"2011-08-28",26.2693
"2011-08-29",26.1526
"2011-08-30",26.6266
"2011-08-31",26.2956
"2011-09-01",26.6486
"2011-09-02",25.2187
"2011-09-03",25.831
"2011-09-04",27.0329
"2011-09-05",27.183
"2011-09-06",27.4509
"2011-09-07",26.7052
"2011-09-08",26.5428
"2011-09-09",26.6871
"2011-09-10",26.0695
"2011-09-11",26.9074
"2011-09-12",25.4112
"2011-09-13",26.3314
"2011-09-14",26.4133
"2011-09-15",26.9942
"2011-09-16",26.5327
"2011-09-17",26.0077
"2011-09-18",26.2989
"2011-09-19",26.864
"2011-09-20",26.1468
"2011-09-21",25.3815
"2011-09-22",25.3279
"2011-09-23",26.6907
"2011-09-24",26.6602
"2011-09-25",25.7153
"2011-09-26",26.0809
"2011-09-27",26.7223
"2011-09-28",27.0227
"2011-09-29",25.8256
"2011-09-30",26.1623
"2011-10-01",27.0109
"2011-10-02",26.8916
"2011-10-03",26.7706
"2011-10-04",26.4282
"2011-10-05",25.634
"2011-10-06",26.0653
"2011-10-07",25.965
"2011-10-08",26.7453
"2011-10-09",26.7857
"2011-10-10",26.52
"2011-10-11",26.1671
"2011-10-12",25.7628
"2011-10-13",25.9264
"2011-10-14",26.0857
"2011-10-15",26.2847
"2011-10-16",25.7782
"2011-10-17",25.2912
"2011-10-18",25.7548
"2011-10-19",26.0153
"2011-10-20",25.7318
"2011-10-21",24.4493
"2011-10-22",24.1446
"2011-10-23",24.869
"2011-10-24",24.9961
"2011-10-25",25.0825
"2011-10-26",25.5951
"2011-10-27",25.8053
"2011-10-28",25.3339
"2011-10-29",25.7237
"2011-10-30",26.4603
"2011-10-31",26.3602
"2011-11-01",26.0773
"2011-11-02",26.1146
"2011-11-03",25.8496
"2011-11-04",26.792
"2011-11-05",26.4064
"2011-11-06",26.6457
"2011-11-07",27.1639
"2011-11-08",26.3212
"2011-11-09",26.5763
"2011-11-10",26.0692
"2011-11-11",26.6623
"2011-11-12",26.3606
"2011-11-13",25.3693
"2011-11-14",24.7968
"2011-11-15",26.3651
"2011-11-16",25.7111
"2011-11-17",25.7082
"2011-11-18",25.4365
"2011-11-19",25.6968
"2011-11-20",25.9013
"2011-11-21",25.4665
"2011-11-22",25.4396
"2011-11-23",25.6057
"2011-11-24",26.0461
"2011-11-25",25.8364
"2011-11-26",25.9407
"2011-11-27",26.0297
"2011-11-28",26.2126
"2011-11-29",25.0379
"2011-11-30",25.2637
"2011-12-01",25.5536
"2011-12-02",25.4391
"2011-12-03",25.7516
"2011-12-04",25.8106
"2011-12-05",25.5088
"2011-12-06",24.6105
"2011-12-07",25.5906
"2011-12-08",25.5538
"2011-12-09",26.1771
"2011-12-10",25.9049
"2011-12-11",25.8338
"2011-12-12",25.8034
"2011-12-13",25.9073
"2011-12-14",25.9674
"2011-12-15",25.3975
"2011-12-16",25.3228
"2011-12-17",25.17
"2011-12-18",24.5436
"2011-12-19",25.0453
"2011-12-20",25.0409
"2011-12-21",25.2146
"2011-12-22",24.9287
"2011-12-23",24.7772
"2011-12-24",24.3066
"2011-12-25",24.2342
"2011-12-26",24.1984
"2011-12-27",24.697
"2011-12-28",24.4806
"2011-12-29",24.2709
"2011-12-30",24.474
"2011-12-31",24.3523
"2012-01-01",24.0522
"2012-01-02",24.1034
"2012-01-03",23.8615
"2012-01-04",24.3287
"2012-01-05",24.2663
"2012-01-06",24.6019
"2012-01-07",24.0662
"2012-01-08",24.0945
"2012-01-09",24.3901
"2012-01-10",24.5439
"2012-01-11",24.3227
"2012-01-12",23.8904
"2012-01-13",23.6552
"2012-01-14",23.4881
"2012-01-15",23.7711
"2012-01-16",23.8497
"2012-01-17",23.7416
"2012-01-18",23.2637
"2012-01-19",23.4577
"2012-01-20",23.2124
"2012-01-21",23.2897
"2012-01-22",23.3498
"2012-01-23",23.2485
"2012-01-24",23.3981
"2012-01-25",23.4567
"2012-01-26",23.6345
"2012-01-27",23.5292
"2012-01-28",23.8196
"2012-01-29",23.4165
"2012-01-30",23.6185
"2012-01-31",23.4975
"2012-02-01",23.231
"2012-02-02",23.2507
"2012-02-03",23.1467
"2012-02-04",23.5863
"2012-02-05",23.8067
"2012-02-06",23.8894
"2012-02-07",23.5842
"2012-02-08",23.4549
"2012-02-09",23.5087
"2012-02-10",23.5881
"2012-02-11",23.1951
"2012-02-12",23.1393
"2012-02-13",23.2853
"2012-02-14",23.0887
"2012-02-15",23.4484
"2012-02-16",23.0367
"2012-02-17",23.3889
"2012-02-18",23.5171
"2012-02-19",23.4267
"2012-02-20",23.5373
"2012-02-21",23.75
"2012-02-22",23.5031
"2012-02-23",23.8173
"2012-02-24",23.7632
"2012-02-25",23.7755
"2012-02-26",23.3851
"2012-02-27",23.4307
"2012-02-28",23.3934
"2012-02-29",23.4383
"2012-03-01",23.3673
"2012-03-02",23.6247
"2012-03-03",23.7978
"2012-03-04",23.4868
"2012-03-05",23.6077
"2012-03-06",23.4162
"2012-03-07",23.1746
"2012-03-08",23.0526
"2012-03-09",23.2589
"2012-03-10",23.1928
"2012-03-11",23.3966
"2012-03-12",23.564
"2012-03-13",23.284
"2012-03-14",23.2718
"2012-03-15",23.2982
"2012-03-16",23.1845
"2012-03-17",23.2966
"2012-03-18",23.5505
"2012-03-19",23.6618
"2012-03-20",23.5725
"2012-03-21",23.328
"2012-03-22",23.7151
"2012-03-23",23.769
"2012-03-24",24.0813
"2012-03-25",24.1881
"2012-03-26",24.0437
"2012-03-27",24.3633
"2012-03-28",24.5316
"2012-03-29",24.2383
"2012-03-30",24.2857
"2012-03-31",24.6775
"2012-04-01",24.5243
"2012-04-02",24.6368
"2012-04-03",24.6354
"2012-04-04",24.8168
"2012-04-05",24.6881
"2012-04-06",24.5882
"2012-04-07",24.5265
"2012-04-08",23.8606
"2012-04-09",24.1958
"2012-04-10",24.3579
"2012-04-11",24.5833
"2012-04-12",24.5093
"2012-04-13",24.4807
"2012-04-14",24.2743
"2012-04-15",24.5494
"2012-04-16",24.7161
"2012-04-17",24.782
"2012-04-18",24.9311
"2012-04-19",24.3642
"2012-04-20",24.3425
"2012-04-21",25.0636
"2012-04-22",25.0526
"2012-04-23",25.8196
"2012-04-24",26.0266
"2012-04-25",26.1334
"2012-04-26",26.0091
"2012-04-27",25.4079
"2012-04-28",25.2584
"2012-04-29",25.6285
"2012-04-30",25.6616
"2012-05-01",25.2115
"2012-05-02",25.1837
"2012-05-03",25.3146
"2012-05-04",25.1118
"2012-05-05",25.4227
"2012-05-06",24.4818
"2012-05-07",24.6641
"2012-05-08",24.5372
"2012-05-09",24.5376
"2012-05-10",25.1549
"2012-05-11",25.5789
"2012-05-12",25.1877
"2012-05-13",25.8596
"2012-05-14",25.9514
"2012-05-15",25.9198
"2012-05-16",25.8685
"2012-05-17",25.9181
"2012-05-18",26.0233
"2012-05-19",25.8683
"2012-05-20",25.7987
"2012-05-21",26.0915
"2012-05-22",25.2656
"2012-05-23",25.6815
"2012-05-24",25.7859
"2012-05-25",25.7794
"2012-05-26",26.1497
"2012-05-27",26.2099
"2012-05-28",25.9515
"2012-05-29",25.93
"2012-05-30",25.7677
"2012-05-31",25.7908
"2012-06-01",25.8743
"2012-06-02",25.7298
"2012-06-03",25.6032
"2012-06-04",25.836
"2012-06-05",25.6457
"2012-06-06",25.9796
"2012-06-07",25.7797
"2012-06-08",25.4864
"2012-06-09",25.0939
"2012-06-10",25.1924
"2012-06-11",25.1359
"2012-06-12",24.8961
"2012-06-13",24.7971
"2012-06-14",24.2959
"2012-06-15",25.284
"2012-06-16",25.2378
"2012-06-17",25.2959
"2012-06-18",25.4788
"2012-06-19",25.7156
"2012-06-20",25.5382
"2012-06-21",25.4673
"2012-06-22",25.627
"2012-06-23",25.5181
"2012-06-24",25.1547
"2012-06-25",24.2629
"2012-06-26",25.3815
"2012-06-27",25.3707
"2012-06-28",25.0074
"2012-06-29",25.224
"2012-06-30",24.7247
"2012-07-01",24.5391
"2012-07-02",24.2002
"2012-07-03",24.5948
"2012-07-04",24.9611
"2012-07-05",24.6447
"2012-07-06",25.1771
"2012-07-07",25.2498
"2012-07-08",25.3047
"2012-07-09",24.8878
"2012-07-10",24.997
"2012-07-11",25.0091
"2012-07-12",24.8082
"2012-07-13",24.6632
"2012-07-14",25.0673
"2012-07-15",25.6525
"2012-07-16",25.2473
"2012-07-17",24.5611
"2012-07-18",25.2497
"2012-07-19",25.0024
"2012-07-20",24.8655
"2012-07-21",24.8791
"2012-07-22",25.2476
"2012-07-23",24.5297
"2012-07-24",25.269
"2012-07-25",25.2417
"2012-07-26",25.5263
"2012-07-27",25.7149
"2012-07-28",25.8936
"2012-07-29",25.4151
"2012-07-30",25.4919
"2012-07-31",24.9054
"2012-08-01",25.0188
"2012-08-02",24.7542
"2012-08-03",25.0493
"2012-08-04",24.7252
"2012-08-05",24.6155
"2012-08-06",25.0953
"2012-08-07",24.2958
"2012-08-08",25.5667
"2012-08-09",25.4036
"2012-08-10",24.5245
"2012-08-11",24.904
"2012-08-12",25.003
"2012-08-13",25.5257
"2012-08-14",26.1812
"2012-08-15",25.0502
"2012-08-16",26.529
"2012-08-17",26.2307
"2012-08-18",25.0377
"2012-08-19",24.9828
"2012-08-20",25.4537
"2012-08-21",25.6444
"2012-08-22",26.128
"2012-08-23",25.2497
"2012-08-24",26.0839
"2012-08-25",25.8575
"2012-08-26",25.6016
"2012-08-27",25.5005
"2012-08-28",25.2309
"2012-08-29",25.7908
"2012-08-30",26.3349
"2012-08-31",26.3907
"2012-09-01",25.8776
"2012-09-02",26.0705
"2012-09-03",26.2635
"2012-09-04",26.891
"2012-09-05",26.1583
"2012-09-06",25.4634
"2012-09-07",26.1938
"2012-09-08",26.8257
"2012-09-09",26.4934
"2012-09-10",26.8213
"2012-09-11",25.0018
"2012-09-12",24.5961
"2012-09-13",25.2541
"2012-09-14",26.0864
"2012-09-15",26.1947
"2012-09-16",26.2443
"2012-09-17",26.675
"2012-09-18",25.8949
"2012-09-19",25.3135
"2012-09-20",26.2075
"2012-09-21",26.2528
"2012-09-22",26.6168
"2012-09-23",25.9798
"2012-09-24",25.6121
"2012-09-25",25.6699
"2012-09-26",25.5032
"2012-09-27",26.1504
"2012-09-28",24.7645
"2012-09-29",25.7187
"2012-09-30",26.3527
"2012-10-01",25.9096
"2012-10-02",25.8663
"2012-10-03",26.5525
"2012-10-04",26.1872
"2012-10-05",26.0328
"2012-10-06",25.668
"2012-10-07",26.8556
"2012-10-08",26.8476
"2012-10-09",26.9277
"2012-10-10",26.0854
"2012-10-11",26.0615
"2012-10-12",25.779
"2012-10-13",25.0745
"2012-10-14",26.3128
"2012-10-15",26.4501
"2012-10-16",26.6066
"2012-10-17",27.0586
"2012-10-18",27.1806
"2012-10-19",26.4966
"2012-10-20",25.9957
"2012-10-21",26.0537
"2012-10-22",26.7399
"2012-10-23",26.8275
"2012-10-24",26.8971
"2012-10-25",27.1247
"2012-10-26",27.0823
"2012-10-27",27.4053
"2012-10-28",27.5465
"2012-10-29",27.5183
"2012-10-30",27.0131
"2012-10-31",27.0835
"2012-11-01",27.3371
"2012-11-02",26.7083
"2012-11-03",26.741
"2012-11-04",26.985
"2012-11-05",26.4202
"2012-11-06",26.5168
"2012-11-07",26.503
"2012-11-08",26.9051
"2012-11-09",26.7975
"2012-11-10",26.2913
"2012-11-11",26.2963
"2012-11-12",26.3202
"2012-11-13",26.5212
"2012-11-14",26.4008
"2012-11-15",26.3214
"2012-11-16",26.5352
"2012-11-17",26.8313
"2012-11-18",26.3116
"2012-11-19",26.6572
"2012-11-20",26.6751
"2012-11-21",26.8775
"2012-11-22",27.0059
"2012-11-23",26.8218
"2012-11-24",26.7631
"2012-11-25",26.5571
"2012-11-26",26.5091
"2012-11-27",25.7936
"2012-11-28",25.6277
"2012-11-29",25.1305
"2012-11-30",25.6603
"2012-12-01",25.1373
"2012-12-02",25.3335
"2012-12-03",25.4839
"2012-12-04",25.7499
"2012-12-05",25.7643
"2012-12-06",25.7687
"2012-12-07",25.8374
"2012-12-08",26.0779
"2012-12-09",26.2143
"2012-12-10",25.4362
"2012-12-11",24.9964
"2012-12-12",25.6419
"2012-12-13",25.2615
"2012-12-14",25.3275
"2012-12-15",24.9727
"2012-12-16",25.0304
"2012-12-17",25.6237
"2012-12-18",25.4349
"2012-12-19",25.5103
"2012-12-20",25.0075
"2012-12-21",25.0835
"2012-12-22",25.1189
"2012-12-23",25.2788
"2012-12-24",24.5834
"2012-12-25",25.1732
"2012-12-26",24.8102
"2012-12-27",24.8012
"2012-12-28",25.2308
"2012-12-29",24.1736
"2012-12-30",25.1652
"2012-12-31",25.0546
"2013-01-01",24.3879
"2013-01-02",24.3941
"2013-01-03",24.6492
"2013-01-04",24.7484
"2013-01-05",24.3119
"2013-01-06",24.3697
"2013-01-07",24.4767
"2013-01-08",24.311
"2013-01-09",24.0486
"2013-01-10",23.898
"2013-01-11",23.7468
"2013-01-12",23.5577
"2013-01-13",24.04
"2013-01-14",24.4463
"2013-01-15",24.0744
"2013-01-16",24.0066
"2013-01-17",24.0255
"2013-01-18",24.0865
"2013-01-19",24.0322
"2013-01-20",23.8007
"2013-01-21",24.3184
"2013-01-22",23.9184
"2013-01-23",23.8335
"2013-01-24",23.9968
"2013-01-25",23.9646
"2013-01-26",23.7816
"2013-01-27",23.7482
"2013-01-28",23.9833
"2013-01-29",23.8459
"2013-01-30",24.0538
"2013-01-31",23.8503
"2013-02-01",23.7814
"2013-02-02",23.64
"2013-02-03",23.4392
"2013-02-04",23.7234
"2013-02-05",23.5834
"2013-02-06",23.8973
"2013-02-07",23.8151
"2013-02-08",23.9174
"2013-02-09",23.7581
"2013-02-10",23.7942
"2013-02-11",23.8362
"2013-02-12",23.4798
"2013-02-13",23.1256
"2013-02-14",23.507
"2013-02-15",24.1377
"2013-02-16",24.0479
"2013-02-17",24.2358
"2013-02-18",24.3352
"2013-02-19",24.1343
"2013-02-20",24.1954
"2013-02-21",23.7597
"2013-02-22",23.7284
"2013-02-23",23.966
"2013-02-24",24.0115
"2013-02-25",23.8772
"2013-02-26",23.9878
"2013-02-27",24.2414
"2013-02-28",23.8715
"2013-03-01",23.8135
"2013-03-02",24.0337
"2013-03-03",24.1933
"2013-03-04",24.2671
"2013-03-05",24.7021
"2013-03-06",24.3127
"2013-03-07",24.1442
"2013-03-08",24.2143
"2013-03-09",24.4904
"2013-03-10",24.6877
"2013-03-11",24.9427
"2013-03-12",24.8773
"2013-03-13",24.9873
"2013-03-14",24.8477
"2013-03-15",25.0184
"2013-03-16",25.066
"2013-03-17",24.73
"2013-03-18",24.9001
"2013-03-19",24.6818
"2013-03-20",24.7097
"2013-03-21",25.0782
"2013-03-22",25.4935
"2013-03-23",25.426
"2013-03-24",25.0734
"2013-03-25",25.0992
"2013-03-26",25.3173
"2013-03-27",25.5085
"2013-03-28",25.7421
"2013-03-29",25.8204
"2013-03-30",25.6189
"2013-03-31",25.4179
"2013-04-01",25.3095
"2013-04-02",25.837
"2013-04-03",25.1845
"2013-04-04",24.9849
"2013-04-05",24.9366
"2013-04-06",25.1814
"2013-04-07",25.2736
"2013-04-08",25.3044
"2013-04-09",25.0718
"2013-04-10",24.7949
"2013-04-11",24.6575
"2013-04-12",24.2948
"2013-04-13",24.5125
"2013-04-14",24.5319
"2013-04-15",24.7046
"2013-04-16",24.632
"2013-04-17",24.5992
"2013-04-18",24.2617
"2013-04-19",24.8864
"2013-04-20",24.4723
"2013-04-21",24.4842
"2013-04-22",24.1349
"2013-04-23",24.1208
"2013-04-24",24.2853
"2013-04-25",24.4882
"2013-04-26",24.3901
"2013-04-27",24.2973
"2013-04-28",24.5644
"2013-04-29",24.2927
"2013-04-30",24.3796
"2013-05-01",24.7969
"2013-05-02",25.0492
"2013-05-03",25.4541
"2013-05-04",24.9636
"2013-05-05",25.2173
"2013-05-06",24.6211
"2013-05-07",24.9644
"2013-05-08",25.6623
"2013-05-09",25.4724
"2013-05-10",25.6156
"2013-05-11",25.1336
"2013-05-12",25.0148
"2013-05-13",25.5052
"2013-05-14",25.4236
"2013-05-15",25.5105
"2013-05-16",25.6895
"2013-05-17",25.4785
"2013-05-18",25.7357
"2013-05-19",25.5349
"2013-05-20",25.5902
"2013-05-21",24.9528
"2013-05-22",25.2598
"2013-05-23",25.3637
"2013-05-24",25.4336
"2013-05-25",25.6019
"2013-05-26",25.4697
"2013-05-27",25.5751
"2013-05-28",25.2965
"2013-05-29",25.2996
"2013-05-30",25.0682
"2013-05-31",24.7242
"2013-06-01",25.002
"2013-06-02",24.8996
"2013-06-03",24.7718
"2013-06-04",25.0172
"2013-06-05",24.9624
"2013-06-06",24.8753
"2013-06-07",25.0987
"2013-06-08",25.0315
"2013-06-09",25.569
"2013-06-10",25.4516
"2013-06-11",24.5658
"2013-06-12",25.4044
"2013-06-13",25.3929
"2013-06-14",24.375
"2013-06-15",25.3635
"2013-06-16",25.3726
"2013-06-17",25.2977
"2013-06-18",25.2363
"2013-06-19",24.8691
"2013-06-20",25.3404
"2013-06-21",25.0627
"2013-06-22",24.9416
"2013-06-23",25.34
"2013-06-24",25.1348
"2013-06-25",25.0477
"2013-06-26",25.1294
"2013-06-27",25.0814
"2013-06-28",24.9391
"2013-06-29",24.9419
"2013-06-30",24.6188
"2013-07-01",24.9384
"2013-07-02",25.0522
"2013-07-03",25.1199
"2013-07-04",25.4153
"2013-07-05",25.1136
"2013-07-06",25.144
"2013-07-07",25.3197
"2013-07-08",25.6661
"2013-07-09",25.3231
"2013-07-10",25.0723
"2013-07-11",25.8032
"2013-07-12",25.3368
"2013-07-13",25.2879
"2013-07-14",25.5792
"2013-07-15",25.3425
"2013-07-16",25.4861
"2013-07-17",25.6128
"2013-07-18",25.6868
"2013-07-19",25.8592
"2013-07-20",25.3887
"2013-07-21",25.0338
"2013-07-22",25.3179
"2013-07-23",25.6482
"2013-07-24",25.4254
"2013-07-25",25.1663
"2013-07-26",25.0747
"2013-07-27",24.0446
"2013-07-28",24.5461
"2013-07-29",25.1994
"2013-07-30",24.9353
"2013-07-31",24.9067
"2013-08-01",25.6969
"2013-08-02",25.5254
"2013-08-03",25.6287
"2013-08-04",25.4604
"2013-08-05",25.3779
"2013-08-06",25.6566
"2013-08-07",25.6711
"2013-08-08",24.7111
"2013-08-09",24.9936
"2013-08-10",25.7787
"2013-08-11",24.9696
"2013-08-12",24.8361
"2013-08-13",24.9022
"2013-08-14",25.8644
"2013-08-15",25.6623
"2013-08-16",25.8929
"2013-08-17",25.9462
"2013-08-18",24.9679
"2013-08-19",24.8639
"2013-08-20",25.5089
"2013-08-21",25.7116
"2013-08-22",25.4681
"2013-08-23",26.373
"2013-08-24",25.8256
"2013-08-25",26.0463
"2013-08-26",25.2988
"2013-08-27",25.0542
"2013-08-28",25.2174
"2013-08-29",25.6222
"2013-08-30",25.456
"2013-08-31",25.3044
"2013-09-01",26.005
"2013-09-02",25.9668
"2013-09-03",24.6649
"2013-09-04",26.1997
"2013-09-05",26.274
"2013-09-06",24.8568
"2013-09-07",26.8361
"2013-09-08",26.687
"2013-09-09",27.1097
"2013-09-10",25.4363
"2013-09-11",25.2999
"2013-09-12",26.6989
"2013-09-13",26.0795
"2013-09-14",25.7149
"2013-09-15",26.5036
"2013-09-16",25.9392
"2013-09-17",26.7722
"2013-09-18",26.1996
"2013-09-19",27.1045
"2013-09-20",26.5758
"2013-09-21",26.2676
"2013-09-22",27.2861
"2013-09-23",27.5077
"2013-09-24",27.3466
"2013-09-25",27.0858
"2013-09-26",26.5807
"2013-09-27",26.4204
"2013-09-28",27.164
"2013-09-29",27.3054
"2013-09-30",27.1597
"2013-10-01",26.5638
"2013-10-02",26.2821
"2013-10-03",26.488
"2013-10-04",26.6403
"2013-10-05",26.3767
"2013-10-06",27.2567
"2013-10-07",27.2127
"2013-10-08",26.8003
"2013-10-09",26.9354
"2013-10-10",26.0059
"2013-10-11",26.4151
"2013-10-12",26.5584
"2013-10-13",26.3747
"2013-10-14",26.4273
"2013-10-15",25.9983
"2013-10-16",26.1691
"2013-10-17",25.9374
"2013-10-18",25.5522
"2013-10-19",26.2153
"2013-10-20",26.0179
"2013-10-21",26.1251
"2013-10-22",26.5663
"2013-10-23",26.5739
"2013-10-24",26.662
"2013-10-25",26.4759
"2013-10-26",26.3656
"2013-10-27",26.4298
"2013-10-28",26.0792
"2013-10-29",25.7148
"2013-10-30",25.1945
"2013-10-31",24.6698
"2013-11-01",24.908
"2013-11-02",25.4434
"2013-11-03",25.683
"2013-11-04",25.3202
"2013-11-05",26.0572
"2013-11-06",26.1959
"2013-11-07",26.3252
"2013-11-08",26.38
"2013-11-09",26.4484
"2013-11-10",25.7824
"2013-11-11",25.6595
"2013-11-12",25.8057
"2013-11-13",26.1128
"2013-11-14",25.8122
"2013-11-15",25.913
"2013-11-16",25.7882
"2013-11-17",25.6391
"2013-11-18",25.4669
"2013-11-19",25.5309
"2013-11-20",26.1871
"2013-11-21",26.0651
"2013-11-22",25.4982
"2013-11-23",25.2874
"2013-11-24",25.571
"2013-11-25",25.6928
"2013-11-26",25.1901
"2013-11-27",25.071
"2013-11-28",24.6728
"2013-11-29",25.074
"2013-11-30",24.8425
"2013-12-01",24.6813
"2013-12-02",24.6896
"2013-12-03",25.1875
"2013-12-04",25.1592
"2013-12-05",25.0363
"2013-12-06",25.104
"2013-12-07",24.6063
"2013-12-08",24.5632
"2013-12-09",25.0776
"2013-12-10",25.0173
"2013-12-11",24.9122
"2013-12-12",24.7523
"2013-12-13",24.344
"2013-12-14",24.7437
"2013-12-15",24.2389
"2013-12-16",24.3354
"2013-12-17",24.3378
"2013-12-18",23.9443
"2013-12-19",24.0007
"2013-12-20",24.1774
"2013-12-21",23.9404
"2013-12-22",23.7635
"2013-12-23",23.9236
"2013-12-24",23.8121
"2013-12-25",23.473
"2013-12-26",24.2438
"2013-12-27",24.0833
"2013-12-28",24.4128
"2013-12-29",24.0201
"2013-12-30",24.454
"2013-12-31",24.4638
"2014-01-01",23.9908
"2014-01-02",23.8366
"2014-01-03",24.1841
"2014-01-04",24.2127
"2014-01-05",23.7138
"2014-01-06",23.7207
"2014-01-07",23.5938
"2014-01-08",23.6067
"2014-01-09",23.4629
"2014-01-10",22.6916
"2014-01-11",22.9492
"2014-01-12",23.2011
"2014-01-13",23.3965
"2014-01-14",23.466
"2014-01-15",23.3147
"2014-01-16",23.2471
"2014-01-17",23.306
"2014-01-18",23.458
"2014-01-19",23.25
"2014-01-20",23.4949
"2014-01-21",22.9745
"2014-01-22",22.5257
"2014-01-23",23.4217
"2014-01-24",23.6304
"2014-01-25",22.6516
"2014-01-26",23.1353
"2014-01-27",23.5007
"2014-01-28",23.295
"2014-01-29",23.2218
"2014-01-30",23.0991
"2014-01-31",22.7176
"2014-02-01",23.0829
"2014-02-02",23.1474
"2014-02-03",23.1811
"2014-02-04",22.9839
"2014-02-05",22.8729
"2014-02-06",23.1876
"2014-02-07",23.4431
"2014-02-08",23.7365
"2014-02-09",23.7158
"2014-02-10",23.574
"2014-02-11",23.684
"2014-02-12",23.5574
"2014-02-13",23.4719
"2014-02-14",23.1721
"2014-02-15",23.3222
"2014-02-16",23.1956
"2014-02-17",23.2835
"2014-02-18",23.6041
"2014-02-19",23.3379
"2014-02-20",23.3245
"2014-02-21",22.9237
"2014-02-22",23.384
"2014-02-23",23.2205
"2014-02-24",23.242
"2014-02-25",23.1344
"2014-02-26",23.18
"2014-02-27",23.112
"2014-02-28",23.2401
"2014-03-01",23.4156
"2014-03-02",23.4801
"2014-03-03",23.4519
"2014-03-04",23.5067
"2014-03-05",23.19
"2014-03-06",23.1919
"2014-03-07",22.8954
"2014-03-08",23.1834
"2014-03-09",23.3941
"2014-03-10",23.5213
"2014-03-11",23.593
"2014-03-12",23.8968
"2014-03-13",23.9574
"2014-03-14",24.0384
"2014-03-15",23.3541
"2014-03-16",24.0102
"2014-03-17",24.361
"2014-03-18",24.82
"2014-03-19",24.5346
"2014-03-20",24.2156
"2014-03-21",24.246
"2014-03-22",23.9615
"2014-03-23",23.9281
"2014-03-24",23.873
"2014-03-25",23.6455
"2014-03-26",23.7032
"2014-03-27",24.0316
"2014-03-28",23.4041
"2014-03-29",23.648
"2014-03-30",23.6428
"2014-03-31",23.5588
"2014-04-01",23.999
"2014-04-02",23.5942
"2014-04-03",24.2046
"2014-04-04",24.153
"2014-04-05",24.2882
"2014-04-06",24.3469
"2014-04-07",24.5979
"2014-04-08",24.0045
"2014-04-09",23.8578
"2014-04-10",23.9218
"2014-04-11",23.7641
"2014-04-12",23.9136
"2014-04-13",23.5828
"2014-04-14",23.7295
"2014-04-15",23.5605
"2014-04-16",23.81
"2014-04-17",23.5091
"2014-04-18",24.1499
"2014-04-19",24.2102
"2014-04-20",24.5497
"2014-04-21",24.4502
"2014-04-22",24.4916
"2014-04-23",24.2771
"2014-04-24",24.1203
"2014-04-25",24.3364
"2014-04-26",23.9241
"2014-04-27",24.0297
"2014-04-28",23.6856
"2014-04-29",23.6749
"2014-04-30",24.0736
"2014-05-01",23.8353
"2014-05-02",23.9812
"2014-05-03",24.0032
"2014-05-04",24.0027
"2014-05-05",23.6234
"2014-05-06",23.7057
"2014-05-07",24.3582
"2014-05-08",24.4098
"2014-05-09",24.4411
"2014-05-10",24.0722
"2014-05-11",24.249
"2014-05-12",25.1702
"2014-05-13",25.465
"2014-05-14",25.4504
"2014-05-15",25.3753
"2014-05-16",25.234
"2014-05-17",25.3595
"2014-05-18",25.5373
"2014-05-19",25.714
"2014-05-20",25.551
"2014-05-21",25.8851
"2014-05-22",25.5653
"2014-05-23",25.345
"2014-05-24",24.9605
"2014-05-25",25.0156
"2014-05-26",25.057
"2014-05-27",25.3707
"2014-05-28",24.5558
"2014-05-29",24.8167
"2014-05-30",25.1761
"2014-05-31",24.9871
"2014-06-01",25.0086
"2014-06-02",24.9424
"2014-06-03",24.626
"2014-06-04",24.8069
"2014-06-05",24.8771
"2014-06-06",24.819
"2014-06-07",24.953
"2014-06-08",24.6181
"2014-06-09",24.5209
"2014-06-10",25.1662
"2014-06-11",25.1945
"2014-06-12",25.0766
"2014-06-13",24.8448
"2014-06-14",24.9199
"2014-06-15",24.8027
"2014-06-16",24.633
"2014-06-17",24.4645
"2014-06-18",24.6766
"2014-06-19",25.2105
"2014-06-20",25.1565
"2014-06-21",24.6212
"2014-06-22",25.0794
"2014-06-23",25.1342
"2014-06-24",25.3585
"2014-06-25",24.9722
"2014-06-26",24.956
"2014-06-27",24.7564
"2014-06-28",24.6443
"2014-06-29",24.9316
"2014-06-30",24.6933
"2014-07-01",25.0828
"2014-07-02",24.8112
"2014-07-03",24.978
"2014-07-04",24.9635
"2014-07-05",24.8825
"2014-07-06",24.8798
"2014-07-07",24.7023
"2014-07-08",24.7096
"2014-07-09",24.9849
"2014-07-10",24.4704
"2014-07-11",24.0067
"2014-07-12",24.0312
"2014-07-13",24.4791
"2014-07-14",24.6073
"2014-07-15",24.9608
"2014-07-16",24.904
"2014-07-17",24.9812
"2014-07-18",25.3156
"2014-07-19",24.8698
"2014-07-20",24.9654
"2014-07-21",24.544
"2014-07-22",24.8301
"2014-07-23",24.9351
"2014-07-24",25.0746
"2014-07-25",25.2532
"2014-07-26",25.0292
"2014-07-27",24.716
"2014-07-28",25.0015
"2014-07-29",25.1666
"2014-07-30",25.0015
"2014-07-31",24.5453
"2014-08-01",24.841
"2014-08-02",25.2202
"2014-08-03",24.9185
"2014-08-04",25.4845
"2014-08-05",24.9152
"2014-08-06",25.4356
"2014-08-07",24.9639
"2014-08-08",24.7578
"2014-08-09",25.7215
"2014-08-10",25.7948
"2014-08-11",25.8331
"2014-08-12",25.5352
"2014-08-13",26.0241
"2014-08-14",25.3925
"2014-08-15",24.6912
"2014-08-16",24.8158
"2014-08-17",25.0186
"2014-08-18",24.828
"2014-08-19",24.7122
"2014-08-20",24.4432
"2014-08-21",25.2184
"2014-08-22",24.7526
"2014-08-23",25.4633
"2014-08-24",25.482
"2014-08-25",26.224
"2014-08-26",26.0461
"2014-08-27",24.6899
"2014-08-28",25.5476
"2014-08-29",25.7452
"2014-08-30",26.3226
"2014-08-31",25.6608
"2014-09-01",26.1003
"2014-09-02",26.0504
"2014-09-03",25.9047
"2014-09-04",26.1544
"2014-09-05",26.3813
"2014-09-06",25.8684
"2014-09-07",26.1762
"2014-09-08",26.4461
"2014-09-09",26.304
"2014-09-10",26.2225
"2014-09-11",26.1227
"2014-09-12",26.1413
"2014-09-13",26.0026
"2014-09-14",26.1428
"2014-09-15",26.264
"2014-09-16",26.316
"2014-09-17",25.8427
"2014-09-18",25.7172
"2014-09-19",25.1339
"2014-09-20",25.5228
"2014-09-21",26.0645
"2014-09-22",25.9212
"2014-09-23",26.3192
"2014-09-24",25.5427
"2014-09-25",26.5895
"2014-09-26",26.9035
"2014-09-27",26.6361
"2014-09-28",26.9582
"2014-09-29",27.086
"2014-09-30",27.1106
"2014-10-01",26.7308
"2014-10-02",26.934
"2014-10-03",26.5331
"2014-10-04",25.5638
"2014-10-05",25.3947
"2014-10-06",26.4107
"2014-10-07",26.1347
"2014-10-08",25.9756
"2014-10-09",25.9691
"2014-10-10",25.5408
"2014-10-11",26.069
"2014-10-12",25.7871
"2014-10-13",26.4164
"2014-10-14",25.828
"2014-10-15",25.1744
"2014-10-16",26.053
"2014-10-17",25.7526
"2014-10-18",24.5685
"2014-10-19",26.022
"2014-10-20",26.6831
"2014-10-21",26.6797
"2014-10-22",26.7036
"2014-10-23",25.9957
"2014-10-24",25.1925
"2014-10-25",25.4585
"2014-10-26",25.6259
"2014-10-27",26.1012
"2014-10-28",25.8069
"2014-10-29",26.1298
"2014-10-30",26.5381
"2014-10-31",25.8311
"2014-11-01",26.7439
"2014-11-02",26.8012
"2014-11-03",26.2709
"2014-11-04",26.4432
"2014-11-05",26.4087
"2014-11-06",26.2473
"2014-11-07",25.7998
"2014-11-08",25.7781
"2014-11-09",26.0839
"2014-11-10",26.2251
"2014-11-11",26.1822
"2014-11-12",26.3998
"2014-11-13",26.0831
"2014-11-14",25.8328
"2014-11-15",25.8317
"2014-11-16",25.6943
"2014-11-17",25.8592
"2014-11-18",25.7511
"2014-11-19",25.6462
"2014-11-20",25.3358
"2014-11-21",25.1057
"2014-11-22",24.8917
"2014-11-23",25.2403
"2014-11-24",25.4106
"2014-11-25",25.3287
"2014-11-26",25.335
"2014-11-27",25.1353
"2014-11-28",24.9286
"2014-11-29",25.4437
"2014-11-30",25.5417
"2014-12-01",25.508
"2014-12-02",25.2877
"2014-12-03",25.2358
"2014-12-04",25.3697
"2014-12-05",25.875
"2014-12-06",25.1692
"2014-12-07",25.145
"2014-12-08",25.0629
"2014-12-09",25.3989
"2014-12-10",25.1512
"2014-12-11",24.9633
"2014-12-12",25.3386
"2014-12-13",25.2771
"2014-12-14",24.4404
"2014-12-15",24.5362
"2014-12-16",25.335
"2014-12-17",25.4766
"2014-12-18",25.1689
"2014-12-19",24.9348
"2014-12-20",25.2715
"2014-12-21",25.3147
"2014-12-22",25.4078
"2014-12-23",24.9487
"2014-12-24",24.8884
"2014-12-25",24.6583
"2014-12-26",24.8758
"2014-12-27",25.1523
"2014-12-28",25.0587
"2014-12-29",24.8873
"2014-12-30",24.8123
"2014-12-31",24.5307
"2015-01-01",24.1774
"2015-01-02",24.597
"2015-01-03",24.2625
"2015-01-04",24.093
"2015-01-05",23.5722
"2015-01-06",23.811
"2015-01-07",23.9009
"2015-01-08",24.1569
"2015-01-09",24.2867
"2015-01-10",24.3556
"2015-01-11",24.3929
"2015-01-12",24.2529
"2015-01-13",24.2768
"2015-01-14",24.3742
"2015-01-15",24.5581
"2015-01-16",24.5996
"2015-01-17",24.5587
"2015-01-18",24.7975
"2015-01-19",24.5189
"2015-01-20",24.5469
"2015-01-21",24.6495
"2015-01-22",24.7063
"2015-01-23",24.3112
"2015-01-24",24.3245
"2015-01-25",24.1681
"2015-01-26",24.12
"2015-01-27",23.8339
"2015-01-28",23.7246
"2015-01-29",24.2691
"2015-01-30",24.5886
"2015-01-31",24.3755
"2015-02-01",24.6751
"2015-02-02",24.1503
"2015-02-03",24.098
"2015-02-04",24.3075
"2015-02-05",23.9162
"2015-02-06",24.1088
"2015-02-07",24.2028
"2015-02-08",24.1455
"2015-02-09",24.1425
"2015-02-10",24.348
"2015-02-11",25.1733
"2015-02-12",24.8693
"2015-02-13",24.7246
"2015-02-14",25.2537
"2015-02-15",25.0147
"2015-02-16",24.9652
"2015-02-17",24.9719
"2015-02-18",25.2656
"2015-02-19",24.8968
"2015-02-20",24.7269
"2015-02-21",24.8823
"2015-02-22",24.6635
"2015-02-23",24.5751
"2015-02-24",24.5505
"2015-02-25",24.5494
"2015-02-26",24.5944
"2015-02-27",24.6993
"2015-02-28",24.5572
"2015-03-01",23.5759
"2015-03-02",23.6033
"2015-03-03",23.5645
"2015-03-04",23.8338
"2015-03-05",23.9992
"2015-03-06",23.6825
"2015-03-07",23.834
"2015-03-08",23.7335
"2015-03-09",23.4938
"2015-03-10",24.136
"2015-03-11",24.3924
"2015-03-12",23.7868
"2015-03-13",23.8789
"2015-03-14",23.3882
"2015-03-15",23.8568
"2015-03-16",24.3022
"2015-03-17",24.3542
"2015-03-18",24.1353
"2015-03-19",24.2971
"2015-03-20",24.215
"2015-03-21",24.1756
"2015-03-22",24.0747
"2015-03-23",24.4997
"2015-03-24",24.7549
"2015-03-25",24.7784
"2015-03-26",24.9798
"2015-03-27",24.8008
"2015-03-28",24.8669
"2015-03-29",24.872
"2015-03-30",24.8185
"2015-03-31",24.254
"2015-04-01",24.3665
"2015-04-02",24.4064
"2015-04-03",24.5045
"2015-04-04",24.5713
"2015-04-05",24.6513
"2015-04-06",24.9616
"2015-04-07",24.6573
"2015-04-08",24.6573
"2015-04-09",24.5866
"2015-04-10",24.4688
"2015-04-11",24.4191
"2015-04-12",24.4758
"2015-04-13",24.6171
"2015-04-14",24.3479
"2015-04-15",24.2422
"2015-04-16",24.2404
"2015-04-17",24.2567
"2015-04-18",24.496
"2015-04-19",24.3241
"2015-04-20",24.4142
"2015-04-21",24.3527
"2015-04-22",24.2131
"2015-04-23",24.2338
"2015-04-24",24.8225
"2015-04-25",24.5145
"2015-04-26",25.156
"2015-04-27",25.548
"2015-04-28",25.3396
"2015-04-29",25.3959
"2015-04-30",25.1433
"2015-05-01",25.0127
"2015-05-02",24.8202
"2015-05-03",24.5391
"2015-05-04",24.427
"2015-05-05",24.4429
"2015-05-06",24.3301
"2015-05-07",24.4954
"2015-05-08",24.3513
"2015-05-09",24.4669
"2015-05-10",24.3474
"2015-05-11",24.3607
"2015-05-12",24.0443
"2015-05-13",24.0186
"2015-05-14",23.9559
"2015-05-15",23.9698
"2015-05-16",24.3998
"2015-05-17",24.585
"2015-05-18",24.6524
"2015-05-19",24.3914
"2015-05-20",24.5433
"2015-05-21",24.8953
"2015-05-22",24.8711
"2015-05-23",24.9109
"2015-05-24",24.6878
"2015-05-25",24.2722
"2015-05-26",24.3772
"2015-05-27",24.2831
"2015-05-28",24.4273
"2015-05-29",24.5153
"2015-05-30",24.2338
"2015-05-31",24.6043
"2015-06-01",25.3263
"2015-06-02",25.4536
"2015-06-03",25.6071
"2015-06-04",25.3295
"2015-06-05",25.6206
"2015-06-06",25.4889
"2015-06-07",25.6989
"2015-06-08",25.4725
"2015-06-09",25.2041
"2015-06-10",25.1575
"2015-06-11",25.1347
"2015-06-12",25.2562
"2015-06-13",25.067
"2015-06-14",24.604
"2015-06-15",24.6426
"2015-06-16",24.2708
"2015-06-17",24.5039
"2015-06-18",24.7703
"2015-06-19",24.3815
"2015-06-20",24.3342
"2015-06-21",24.8001
"2015-06-22",24.5145
"2015-06-23",24.5294
"2015-06-24",24.7857
"2015-06-25",24.4962
"2015-06-26",24.5347
"2015-06-27",24.8805
"2015-06-28",24.662
"2015-06-29",24.9109
"2015-06-30",24.6534
"2015-07-01",24.7594
"2015-07-02",24.5198
"2015-07-03",24.5237
"2015-07-04",24.9604
"2015-07-05",24.8277
"2015-07-06",24.5456
"2015-07-07",24.3346
"2015-07-08",24.4833
"2015-07-09",24.6285
"2015-07-10",24.332
"2015-07-11",24.3756
"2015-07-12",24.5061
"2015-07-13",24.8874
"2015-07-14",24.7447
"2015-07-15",24.8863
"2015-07-16",24.6687
"2015-07-17",24.285
"2015-07-18",24.7289
"2015-07-19",24.8069
"2015-07-20",24.6349
"2015-07-21",24.4634
"2015-07-22",24.506
"2015-07-23",24.5176
"2015-07-24",24.8063
"2015-07-25",25.1956
"2015-07-26",25.2175
"2015-07-27",25.2799
"2015-07-28",25.4337
"2015-07-29",25.3137
"2015-07-30",25.0582
"2015-07-31",25.0131
"2015-08-01",25.5145
"2015-08-02",25.2995
"2015-08-03",25.4135
"2015-08-04",25.4078
"2015-08-05",25.6956
"2015-08-06",25.6496
"2015-08-07",25.662
"2015-08-08",25.705
"2015-08-09",25.9514
"2015-08-10",25.8126
"2015-08-11",25.6856
"2015-08-12",26.0739
"2015-08-13",26.0474
"2015-08-14",25.905
"2015-08-15",25.8549
"2015-08-16",25.5686
"2015-08-17",26.0098
"2015-08-18",25.8997
"2015-08-19",25.4815
"2015-08-20",24.7277
"2015-08-21",24.6277
"2015-08-22",25.6224
"2015-08-23",25.5563
"2015-08-24",25.6575
"2015-08-25",26.1093
"2015-08-26",26.2321
"2015-08-27",25.9216
"2015-08-28",26.5857
"2015-08-29",26.6855
"2015-08-30",26.1654
"2015-08-31",25.4766
"2015-09-01",25.9797
"2015-09-02",26.1838
"2015-09-03",25.6576
"2015-09-04",26.361
"2015-09-05",26.5128
"2015-09-06",26.7675
"2015-09-07",26.1947
"2015-09-08",26.3242
"2015-09-09",26.2114
"2015-09-10",26.0862
"2015-09-11",25.886
"2015-09-12",26.0695
"2015-09-13",26.8612
"2015-09-14",26.7103
"2015-09-15",25.9153
"2015-09-16",26.7364
"2015-09-17",26.5094
"2015-09-18",25.5316
"2015-09-19",26.7484
"2015-09-20",26.6015
"2015-09-21",26.6341
"2015-09-22",26.9975
"2015-09-23",26.9228
"2015-09-24",26.649
"2015-09-25",26.8167
"2015-09-26",27.309
"2015-09-27",27.3185
"2015-09-28",27.056
"2015-09-29",26.8855
"2015-09-30",27.025
"2015-10-01",27.2338
"2015-10-02",26.911
"2015-10-03",26.4569
"2015-10-04",26.9741
"2015-10-05",27.2522
"2015-10-06",27.2907
"2015-10-07",26.8961
"2015-10-08",26.7653
"2015-10-09",26.3039
"2015-10-10",26.6763
"2015-10-11",26.3733
"2015-10-12",26.6297
"2015-10-13",26.1008
"2015-10-14",25.9663
"2015-10-15",25.9979
"2015-10-16",26.2526
"2015-10-17",26.3527
"2015-10-18",26.5336
"2015-10-19",26.7398
"2015-10-20",26.76
"2015-10-21",26.756
"2015-10-22",26.6332
"2015-10-23",25.046
"2015-10-24",26.0615
"2015-10-25",26.1925
"2015-10-26",26.3973
"2015-10-27",26.6095
"2015-10-28",26.2972
"2015-10-29",26.5203
"2015-10-30",26.304
"2015-10-31",26.2468
"2015-11-01",25.894
"2015-11-02",26.3934
"2015-11-03",26.5726
"2015-11-04",26.2245
"2015-11-05",26.1724
"2015-11-06",25.5204
"2015-11-07",25.8642
"2015-11-08",26.2982
"2015-11-09",26.238
"2015-11-10",25.8414
"2015-11-11",25.7062
"2015-11-12",26.1243
"2015-11-13",25.9363
"2015-11-14",25.922
"2015-11-15",25.9215
"2015-11-16",25.9528
"2015-11-17",25.7826
"2015-11-18",26.0046
"2015-11-19",25.5119
"2015-11-20",25.3823
"2015-11-21",25.7954
"2015-11-22",25.7279
"2015-11-23",25.4906
"2015-11-24",25.6134
"2015-11-25",25.662
"2015-11-26",25.6802
"2015-11-27",25.537
"2015-11-28",25.2669
"2015-11-29",25.7956
"2015-11-30",26.2119
"2015-12-01",26.2429
"2015-12-02",26.2249
"2015-12-03",25.7034
"2015-12-04",25.871
"2015-12-05",25.4256
"2015-12-06",25.1083
"2015-12-07",25.0016
"2015-12-08",25.1226
"2015-12-09",25.38
"2015-12-10",25.4573
"2015-12-11",25.4476
"2015-12-12",25.3732
"2015-12-13",25.2173
"2015-12-14",25.1174
"2015-12-15",25.2463
"2015-12-16",25.0515
"2015-12-17",25.253
"2015-12-18",25.1201
"2015-12-19",24.8789
"2015-12-20",24.9831
"2015-12-21",24.8112
"2015-12-22",24.3511
"2015-12-23",24.2295
"2015-12-24",24.3089
"2015-12-25",24.2556
"2015-12-26",24.2732
"2015-12-27",24.1855
"2015-12-28",24.1838
"2015-12-29",24.7504
"2015-12-30",24.5028
"2015-12-31",24.0256
"2016-01-01",24.0056
"2016-01-02",24.2326
"2016-01-03",24.3141
"2016-01-04",24.2127
"2016-01-05",24.3891
"2016-01-06",24.3233
"2016-01-07",24.5062
"2016-01-08",24.079
"2016-01-09",23.9895
"2016-01-10",24.6672
"2016-01-11",24.4017
"2016-01-12",24.0364
"2016-01-13",23.9034
"2016-01-14",23.9898
"2016-01-15",23.9212
"2016-01-16",23.9856
"2016-01-17",24.1064
"2016-01-18",23.3771
"2016-01-19",24.0319
"2016-01-20",23.836
"2016-01-21",24.2147
"2016-01-22",24.4011
"2016-01-23",24.2905
"2016-01-24",24.314
"2016-01-25",24.1627
"2016-01-26",23.8618
"2016-01-27",23.8944
"2016-01-28",23.8155
"2016-01-29",23.9778
"2016-01-30",23.9113
"2016-01-31",24.213
"2016-02-01",23.8697
"2016-02-02",23.7844
"2016-02-03",23.8366
"2016-02-04",23.6957
"2016-02-05",23.8854
"2016-02-06",24.383
"2016-02-07",24.6115
"2016-02-08",24.4109
"2016-02-09",24.3365
"2016-02-10",23.9828
"2016-02-11",23.746
"2016-02-12",24.0431
"2016-02-13",23.6029
"2016-02-14",23.7119
"2016-02-15",24.0032
"2016-02-16",24.0698
"2016-02-17",24.1563
"2016-02-18",24.3275
"2016-02-19",24.2754
"2016-02-20",24.2043
"2016-02-21",23.9751
"2016-02-22",23.9609
"2016-02-23",24.1057
"2016-02-24",24.0753
"2016-02-25",24.1717
"2016-02-26",23.9609
"2016-02-27",23.9487
"2016-02-28",23.9031
"2016-02-29",23.8754
"2016-03-01",24.2422
"2016-03-02",24.1501
"2016-03-03",24.1326
"2016-03-04",24.1048
"2016-03-05",24.4681
"2016-03-06",24.8574
"2016-03-07",24.7363
"2016-03-08",24.8068
"2016-03-09",24.6439
"2016-03-10",24.587
"2016-03-11",23.9668
"2016-03-12",23.7239
"2016-03-13",24.7396
"2016-03-14",25.4122
"2016-03-15",25.7024
"2016-03-16",25.8975
"2016-03-17",26.0226
"2016-03-18",26.0276
"2016-03-19",26.1732
"2016-03-20",25.8119
"2016-03-21",25.9747
"2016-03-22",25.8513
"2016-03-23",25.6922
"2016-03-24",25.2823
"2016-03-25",24.9479
"2016-03-26",24.7306
"2016-03-27",24.9507
"2016-03-28",24.6229
"2016-03-29",24.4603
"2016-03-30",24.4664
"2016-03-31",24.8632
"2016-04-01",24.4267
"2016-04-02",24.5183
"2016-04-03",24.7006
"2016-04-04",24.9933
"2016-04-05",24.899
"2016-04-06",24.6957
"2016-04-07",24.9737
"2016-04-08",25.0005
"2016-04-09",25.1777
"2016-04-10",24.9566
"2016-04-11",24.9146
"2016-04-12",24.6009
"2016-04-13",24.5674
"2016-04-14",24.4538
"2016-04-15",25.2554
"2016-04-16",25.5956
"2016-04-17",26.0041
"2016-04-18",25.8771
"2016-04-19",25.7162
"2016-04-20",25.2649
"2016-04-21",25.0656
"2016-04-22",25.7176
"2016-04-23",25.9218
"2016-04-24",25.3702
"2016-04-25",25.445
"2016-04-26",25.8162
"2016-04-27",26.0667
"2016-04-28",25.8482
"2016-04-29",25.6306
"2016-04-30",24.3647
"2016-05-01",24.5849
"2016-05-02",24.5385
"2016-05-03",25.7821
"2016-05-04",25.2588
"2016-05-05",25.7244
"2016-05-06",26.0419
"2016-05-07",26.503
"2016-05-08",25.8408
"2016-05-09",26.2444
"2016-05-10",26.2834
"2016-05-11",26.0218
"2016-05-12",25.9103
"2016-05-13",25.9015
"2016-05-14",26.2548
"2016-05-15",26.3302
"2016-05-16",26.4445
"2016-05-17",26.3784
"2016-05-18",26.1076
"2016-05-19",25.7728
"2016-05-20",25.9197
"2016-05-21",26.2022
"2016-05-22",25.9488
"2016-05-23",26.3153
"2016-05-24",26.3813
"2016-05-25",26.1361
"2016-05-26",25.9687
"2016-05-27",25.6765
"2016-05-28",25.4873
"2016-05-29",25.7361
"2016-05-30",25.4817
"2016-05-31",25.515
"2016-06-01",25.2904
"2016-06-02",25.4109
"2016-06-03",25.6714
"2016-06-04",25.8286
"2016-06-05",25.9282
"2016-06-06",26.0094
"2016-06-07",25.5833
"2016-06-08",25.9569
"2016-06-09",26.3266
"2016-06-10",25.9548
"2016-06-11",26.3231
"2016-06-12",25.5474
"2016-06-13",25.8649
"2016-06-14",25.411
"2016-06-15",25.586
"2016-06-16",25.8236
"2016-06-17",25.5996
"2016-06-18",25.4324
"2016-06-19",25.7468
"2016-06-20",25.6013
"2016-06-21",25.6892
"2016-06-22",25.7783
"2016-06-23",25.3645
"2016-06-24",24.8822
"2016-06-25",25.4461
"2016-06-26",25.1847
"2016-06-27",25.7349
"2016-06-28",25.5956
"2016-06-29",25.6206
"2016-06-30",24.9604
"2016-07-01",25.1233
"2016-07-02",25.746
"2016-07-03",25.4882
"2016-07-04",25.4148
"2016-07-05",25.2019
"2016-07-06",25.2052
"2016-07-07",25.1741
"2016-07-08",25.6461
"2016-07-09",25.578
"2016-07-10",25.9074
"2016-07-11",26.073
"2016-07-12",25.6913
"2016-07-13",25.922
"2016-07-14",25.5355
"2016-07-15",25.3877
"2016-07-16",25.1688
"2016-07-17",24.6776
"2016-07-18",25.4953
"2016-07-19",26.2062
"2016-07-20",26.0535
"2016-07-21",25.2587
"2016-07-22",25.6413
"2016-07-23",25.8385
"2016-07-24",25.8169
"2016-07-25",25.4416
"2016-07-26",25.9829
"2016-07-27",25.5335
"2016-07-28",25.8562
"2016-07-29",26.2281
"2016-07-30",26.1015
"2016-07-31",25.854
"2016-08-01",25.2788
"2016-08-02",25.54
"2016-08-03",24.8492
"2016-08-04",24.9784
"2016-08-05",25.2305
"2016-08-06",25.8171
"2016-08-07",25.8176
"2016-08-08",26.3817
"2016-08-09",25.9084
"2016-08-10",25.7708
"2016-08-11",25.3804
"2016-08-12",25.6654
"2016-08-13",25.4154
"2016-08-14",25.8275
"2016-08-15",25.7616
"2016-08-16",25.8284
"2016-08-17",25.8767
"2016-08-18",25.8775
"2016-08-19",25.8622
"2016-08-20",25.2573
"2016-08-21",26.0274
"2016-08-22",26.2146
"2016-08-23",24.9153
"2016-08-24",24.8533
"2016-08-25",25.5595
"2016-08-26",25.789
"2016-08-27",24.6903
"2016-08-28",26.1566
"2016-08-29",26.1594
"2016-08-30",26.166
"2016-08-31",26.1708
"2016-09-01",25.4416
"2016-09-02",25.3574
"2016-09-03",25.7324
"2016-09-04",25.3911
"2016-09-05",25.7023
"2016-09-06",25.428
"2016-09-07",24.8694
"2016-09-08",24.6198
"2016-09-09",25.6866
"2016-09-10",26.1797
"2016-09-11",25.3133
"2016-09-12",24.954
"2016-09-13",26.2732
"2016-09-14",26.2321
"2016-09-15",26.5154
"2016-09-16",26.4731
"2016-09-17",26.1244
"2016-09-18",26.3331
"2016-09-19",26.4561
"2016-09-20",27.0642
"2016-09-21",26.627
"2016-09-22",25.8119
"2016-09-23",26.7369
"2016-09-24",26.982
"2016-09-25",26.7482
"2016-09-26",25.8619
"2016-09-27",26.5777
"2016-09-28",26.6519
"2016-09-29",26.1993
"2016-09-30",26.0394
"2016-10-01",26.785
"2016-10-02",26.7118
"2016-10-03",26.7925
"2016-10-04",26.4104
"2016-10-05",26.8133
"2016-10-06",26.7047
"2016-10-07",26.6455
"2016-10-08",26.7393
"2016-10-09",26.3559
"2016-10-10",25.6707
"2016-10-11",26.5556
"2016-10-12",27.1593
"2016-10-13",27.072
"2016-10-14",26.9894
"2016-10-15",27.0708
"2016-10-16",27.1558
"2016-10-17",27.1452
"2016-10-18",27.4945
"2016-10-19",27.7347
"2016-10-20",27.451
"2016-10-21",27.408
"2016-10-22",27.6079
"2016-10-23",26.8823
"2016-10-24",27.0907
"2016-10-25",26.7954
"2016-10-26",26.5205
"2016-10-27",26.004
"2016-10-28",26.9827
"2016-10-29",25.5839
"2016-10-30",25.5281
"2016-10-31",26.1387
"2016-11-01",26.6746
"2016-11-02",26.0315
"2016-11-03",26.6186
"2016-11-04",27.0146
"2016-11-05",25.8879
"2016-11-06",25.637
"2016-11-07",26.7891
"2016-11-08",27.0256
"2016-11-09",26.6109
"2016-11-10",27.0928
"2016-11-11",26.7716
"2016-11-12",26.7863
"2016-11-13",27.0724
"2016-11-14",26.1081
"2016-11-15",25.9475
"2016-11-16",25.9399
"2016-11-17",26.6939
"2016-11-18",26.8322
"2016-11-19",25.9658
"2016-11-20",25.4626
"2016-11-21",26.908
"2016-11-22",26.681
"2016-11-23",27.0589
"2016-11-24",26.3387
"2016-11-25",26.8275
"2016-11-26",27.0034
"2016-11-27",26.9537
"2016-11-28",27.1968
"2016-11-29",25.8548
"2016-11-30",24.6201
"2016-12-01",26.1247
"2016-12-02",26.0967
"2016-12-03",26.3649
"2016-12-04",26.78
"2016-12-05",26.3476
"2016-12-06",26.4224
"2016-12-07",26.3049
"2016-12-08",26.1583
"2016-12-09",25.6812
"2016-12-10",26.0464
"2016-12-11",25.979
"2016-12-12",25.3514
"2016-12-13",25.7917
"2016-12-14",25.2274
"2016-12-15",25.7089
"2016-12-16",25.6751
"2016-12-17",25.4519
"2016-12-18",25.6447
"2016-12-19",25.2924
"2016-12-20",24.9711
"2016-12-21",25.0362
"2016-12-22",25.0813
"2016-12-23",25.2034
"2016-12-24",25.3467
"2016-12-25",25.1745
"2016-12-26",24.861
"2016-12-27",24.5722
"2016-12-28",24.9773
"2016-12-29",24.8905
"2016-12-30",25.0432
"2016-12-31",25.0597
"2017-01-01",24.4602
"2017-01-02",22.5032
"2017-01-03",24.3141
"2017-01-04",24.5883
"2017-01-05",24.5068
"2017-01-06",24.2811
"2017-01-07",24.503
"2017-01-08",24.6054
"2017-01-09",23.7898
"2017-01-10",23.3621
"2017-01-11",23.714
"2017-01-12",23.8702
"2017-01-13",23.2289
"2017-01-14",23.6594
"2017-01-15",23.3741
"2017-01-16",23.3905
"2017-01-17",23.9766
"2017-01-18",24.0861
"2017-01-19",23.8975
"2017-01-20",24.2729
"2017-01-21",23.938
"2017-01-22",23.7494
"2017-01-23",24.1956
"2017-01-24",24.5827
"2017-01-25",24.9858
"2017-01-26",24.3126
"2017-01-27",24.0757
"2017-01-28",24.3524
"2017-01-29",24.7192
"2017-01-30",24.7815
"2017-01-31",24.5221
"2017-02-01",24.5194
"2017-02-02",24.4033
"2017-02-03",24.5125
"2017-02-04",24.4948
"2017-02-05",24.4944
"2017-02-06",24.2048
"2017-02-07",24.357
"2017-02-08",24.1106
"2017-02-09",24.2032
"2017-02-10",23.967
"2017-02-11",23.2804
"2017-02-12",23.6369
"2017-02-13",23.3903
"2017-02-14",23.0187
"2017-02-15",23.6946
"2017-02-16",23.3946
"2017-02-17",23.7916
"2017-02-18",23.6166
"2017-02-19",23.8823
"2017-02-20",24.0185
"2017-02-21",23.9535
"2017-02-22",23.7583
"2017-02-23",23.8844
"2017-02-24",24.2387
"2017-02-25",24.41
"2017-02-26",24.8911
"2017-02-27",24.6706
"2017-02-28",24.428
"2017-03-01",24.1771
"2017-03-02",24.4414
"2017-03-03",24.7664
"2017-03-04",25.1214
"2017-03-05",24.3071
"2017-03-06",24.4387
"2017-03-07",24.4641
"2017-03-08",24.499
"2017-03-09",23.9849
"2017-03-10",24.2753
"2017-03-11",24.4318
"2017-03-12",24.2977
"2017-03-13",24.2086
"2017-03-14",24.071
"2017-03-15",23.9372
"2017-03-16",24.3318
"2017-03-17",24.1688
"2017-03-18",24.0539
"2017-03-19",24.1003
"2017-03-20",24.1648
"2017-03-21",24.4092
"2017-03-22",24.6746
"2017-03-23",24.9719
"2017-03-24",24.6328
"2017-03-25",25.0991
"2017-03-26",25.3197
"2017-03-27",25.4803
"2017-03-28",25.5302
"2017-03-29",25.6319
"2017-03-30",25.7044
"2017-03-31",25.4211
"2017-04-01",25.5745
"2017-04-02",25.4123
"2017-04-03",25.0709
"2017-04-04",24.9385
"2017-04-05",24.9033
"2017-04-06",25.0869
"2017-04-07",24.8493
"2017-04-08",24.9439
"2017-04-09",24.747
"2017-04-10",24.8014
"2017-04-11",24.7345
"2017-04-12",24.883
"2017-04-13",24.3424
"2017-04-14",24.8068
"2017-04-15",24.9958
"2017-04-16",25.3464
"2017-04-17",25.2208
"2017-04-18",25.362
"2017-04-19",25.0906
"2017-04-20",25.1975
"2017-04-21",25.3982
"2017-04-22",25.7461
"2017-04-23",25.7593
"2017-04-24",26.2429
"2017-04-25",25.7198
"2017-04-26",25.8119
"2017-04-27",25.8469
"2017-04-28",25.7806
"2017-04-29",25.7223
"2017-04-30",25.477
"2017-05-01",25.2674
"2017-05-02",25.3321
"2017-05-03",24.8325
"2017-05-04",25.4059
"2017-05-05",25.4259
"2017-05-06",25.5911
"2017-05-07",25.5152
"2017-05-08",25.3343
"2017-05-09",25.2665
"2017-05-10",25.0612
"2017-05-11",24.7958
"2017-05-12",24.8046
"2017-05-13",25.0156
"2017-05-14",25.6274
"2017-05-15",25.9404
"2017-05-16",24.9344
"2017-05-17",26.1088
"2017-05-18",25.8216
"2017-05-19",25.9917
"2017-05-20",25.6936
"2017-05-21",25.872
"2017-05-22",25.7847
"2017-05-23",25.8181
"2017-05-24",25.4914
"2017-05-25",25.3915
"2017-05-26",25.3432
"2017-05-27",25.4483
"2017-05-28",25.3017
"2017-05-29",25.3074
"2017-05-30",25.4302
"2017-05-31",25.5369
"2017-06-01",25.6271
"2017-06-02",25.3873
"2017-06-03",25.2514
"2017-06-04",25.3834
"2017-06-05",25.4818
"2017-06-06",25.4698
"2017-06-07",25.2201
"2017-06-08",25.2445
"2017-06-09",25.3758
"2017-06-10",25.4027
"2017-06-11",25.4577
"2017-06-12",25.149
"2017-06-13",24.9387
"2017-06-14",24.6729
"2017-06-15",25.4806
"2017-06-16",25.3667
"2017-06-17",24.1951
"2017-06-18",25.2876
"2017-06-19",25.2217
"2017-06-20",25.0136
"2017-06-21",24.9174
"2017-06-22",25.0565
"2017-06-23",25.1236
"2017-06-24",23.8486
"2017-06-25",24.8173
"2017-06-26",25.3942
"2017-06-27",25.2283
"2017-06-28",24.8452
"2017-06-29",25.1009
"2017-06-30",24.329
"2017-07-01",25.017
"2017-07-02",25.267
"2017-07-03",25.1845
"2017-07-04",25.3625
"2017-07-05",25.5104
"2017-07-06",24.633
"2017-07-07",24.6541
"2017-07-08",25.4289
"2017-07-09",25.6073
"2017-07-10",25.0241
"2017-07-11",25.9535
"2017-07-12",24.4798
"2017-07-13",24.6724
"2017-07-14",24.8791
"2017-07-15",24.5497
"2017-07-16",25.3197
"2017-07-17",25.7791
"2017-07-18",25.3849
"2017-07-19",24.7492
"2017-07-20",24.9289
"2017-07-21",24.5658
"2017-07-22",25.253
"2017-07-23",24.8914
"2017-07-24",24.9012
"2017-07-25",25.2884
"2017-07-26",25.301
"2017-07-27",25.1922
"2017-07-28",25.0792
"2017-07-29",25.545
"2017-07-30",25.5059
"2017-07-31",24.6278
"2017-08-01",24.8384
"2017-08-02",24.9066
"2017-08-03",25.2878
"2017-08-04",25.6969
"2017-08-05",25.9534
"2017-08-06",25.4826
"2017-08-07",26.0694
"2017-08-08",25.9627
"2017-08-09",26.3377
"2017-08-10",24.6925
"2017-08-11",26.0492
"2017-08-12",25.6832
"2017-08-13",26.3895
"2017-08-14",26.427
"2017-08-15",25.9221
"2017-08-16",26.0676
"2017-08-17",25.8632
"2017-08-18",26.4001
"2017-08-19",26.0379
"2017-08-20",26.2253
"2017-08-21",26.6996
"2017-08-22",26.521
"2017-08-23",25.8367
"2017-08-24",26.5583
"2017-08-25",26.5252
"2017-08-26",26.2543
"2017-08-27",26.0287
"2017-08-28",26.5984
"2017-08-29",26.1412
"2017-08-30",26.4312
"2017-08-31",25.7197
"2017-09-01",25.8435
"2017-09-02",25.9196
"2017-09-03",25.6096
"2017-09-04",26.429
"2017-09-05",25.8372
"2017-09-06",25.7633
"2017-09-07",26.3108
"2017-09-08",26.9058
"2017-09-09",26.5646
"2017-09-10",26.7865
"2017-09-11",27.2396
"2017-09-12",27.0542
"2017-09-13",25.8204
"2017-09-14",26.7422
"2017-09-15",26.8227
"2017-09-16",26.9001
"2017-09-17",27.5183
"2017-09-18",26.4517
"2017-09-19",26.0371
"2017-09-20",26.7297
"2017-09-21",26.8683
"2017-09-22",27.1793
"2017-09-23",27.6478
"2017-09-24",27.1541
"2017-09-25",26.4799
"2017-09-26",25.8466
"2017-09-27",26.6391
"2017-09-28",26.2849
"2017-09-29",26.2463
"2017-09-30",26.5294
"2017-10-01",26.4503
"2017-10-02",26.4236
"2017-10-03",26.3368
"2017-10-04",26.0753
"2017-10-05",26.124
"2017-10-06",26.4628
"2017-10-07",25.9999
"2017-10-08",25.925
"2017-10-09",24.8648
"2017-10-10",26.7927
"2017-10-11",26.8309
"2017-10-12",27.0102
"2017-10-13",26.463
"2017-10-14",26.9233
"2017-10-15",26.4995
"2017-10-16",25.9581
"2017-10-17",27.3993
"2017-10-18",27.1074
"2017-10-19",25.4726
"2017-10-20",26.0269
"2017-10-21",26.3913
"2017-10-22",26.354
"2017-10-23",26.3244
"2017-10-24",26.0453
"2017-10-25",25.1715
"2017-10-26",26.0655
"2017-10-27",25.9645
"2017-10-28",26.3512
"2017-10-29",26.0174
"2017-10-30",26.1032
"2017-10-31",25.8046
"2017-11-01",25.5054
"2017-11-02",25.9103
"2017-11-03",25.9499
"2017-11-04",25.3286
"2017-11-05",25.4758
"2017-11-06",25.6903
"2017-11-07",25.7911
"2017-11-08",25.5129
"2017-11-09",26.3935
"2017-11-10",24.541
"2017-11-11",26.3943
"2017-11-12",26.2411
"2017-11-13",26.187
"2017-11-14",26.3028
"2017-11-15",26.3349
"2017-11-16",26.6152
"2017-11-17",26.4504
"2017-11-18",26.482
"2017-11-19",26.4322
"2017-11-20",26.7773
"2017-11-21",26.5521
"2017-11-22",25.8751
"2017-11-23",26.3962
"2017-11-24",26.2939
"2017-11-25",26.5839
"2017-11-26",26.4039
"2017-11-27",26.4491
"2017-11-28",26.6846
"2017-11-29",26.0994
"2017-11-30",26.4744
"2017-12-01",26.2674
"2017-12-02",26.7412
"2017-12-03",26.0131
"2017-12-04",26.2768
"2017-12-05",25.7041
"2017-12-06",25.9761
"2017-12-07",25.8231
"2017-12-08",25.7677
"2017-12-09",25.5701
"2017-12-10",25.4656
"2017-12-11",24.3866
"2017-12-12",25.0917
"2017-12-13",25.2674
"2017-12-14",25.3485
"2017-12-15",24.8976
"2017-12-16",24.5752
"2017-12-17",24.7031
"2017-12-18",24.8982
"2017-12-19",24.8448
"2017-12-20",24.8474
"2017-12-21",24.9418
"2017-12-22",24.9708
"2017-12-23",24.9501
"2017-12-24",24.8212
"2017-12-25",24.4872
"2017-12-26",24.5303
"2017-12-27",24.5767
"2017-12-28",24.7793
"2017-12-29",24.883
"2017-12-30",24.3861
"2017-12-31",24.4551
"2018-01-01",24.3458
"2018-01-02",24.6171
"2018-01-03",24.0096
"2018-01-04",24.5514
"2018-01-05",24.6576
"2018-01-06",24.6892
"2018-01-07",24.7808
"2018-01-08",24.5776
"2018-01-09",24.2949
"2018-01-10",24.3138
"2018-01-11",24.695
"2018-01-12",24.8211
"2018-01-13",24.6153
"2018-01-14",24.6251
"2018-01-15",24.5564
"2018-01-16",24.9274
"2018-01-17",24.5949
"2018-01-18",24.1673
"2018-01-19",24.7504
"2018-01-20",24.5722
"2018-01-21",24.5554
"2018-01-22",24.072
"2018-01-23",24.3244
"2018-01-24",24.362
"2018-01-25",24.282
"2018-01-26",24.4595
"2018-01-27",24.0114
"2018-01-28",24.0084
"2018-01-29",23.8558
"2018-01-30",24.3732
"2018-01-31",24.0035
"2018-02-01",24.1745
"2018-02-02",23.5991
"2018-02-03",23.8927
"2018-02-04",24.1144
"2018-02-05",23.8651
"2018-02-06",24.0184
"2018-02-07",23.6063
"2018-02-08",23.6918
"2018-02-09",23.9321
"2018-02-10",23.9856
"2018-02-11",23.9006
"2018-02-12",23.6623
"2018-02-13",23.2191
"2018-02-14",23.0056
"2018-02-15",23.4797
"2018-02-16",23.6953
"2018-02-17",23.5025
"2018-02-18",23.4185
"2018-02-19",23.1717
"2018-02-20",22.9333
"2018-02-21",22.7258
"2018-02-22",22.5866
"2018-02-23",22.8922
"2018-02-24",22.4688
"2018-02-25",23.0096
"2018-02-26",23.3485
"2018-02-27",23.5207
"2018-02-28",23.1301
"2018-03-01",23.066
"2018-03-02",23.4026
"2018-03-03",23.6067
"2018-03-04",23.6963
"2018-03-05",23.9365
"2018-03-06",24.2023
"2018-03-07",24.5372
"2018-03-08",24.4154
"2018-03-09",24.2272
"2018-03-10",24.0603
"2018-03-11",23.607
"2018-03-12",24.1731
"2018-03-13",23.8963
"2018-03-14",23.8621
"2018-03-15",23.6975
"2018-03-16",24.0893
"2018-03-17",23.8538
"2018-03-18",22.9591
"2018-03-19",22.8804
"2018-03-20",23.3248
"2018-03-21",23.109
"2018-03-22",23.683
"2018-03-23",23.7251
"2018-03-24",23.4246
"2018-03-25",23.5632
"2018-03-26",23.9376
"2018-03-27",24.0955
"2018-03-28",24.1195
"2018-03-29",23.9456
"2018-03-30",23.869
"2018-03-31",23.6525
"2018-04-01",24.176
"2018-04-02",24.7174
"2018-04-03",24.9367
"2018-04-04",24.858
"2018-04-05",24.5541
"2018-04-06",24.4325
"2018-04-07",24.6453
"2018-04-08",24.8098
"2018-04-09",24.7275
"2018-04-10",24.5596
"2018-04-11",24.7508
"2018-04-12",24.4578
"2018-04-13",24.3985
"2018-04-14",24.5437
"2018-04-15",24.6102
"2018-04-16",24.5011
"2018-04-17",24.3995
"2018-04-18",24.5885
"2018-04-19",24.9428
"2018-04-20",24.8633
"2018-04-21",24.8634
"2018-04-22",24.7042
"2018-04-23",24.7932
"2018-04-24",24.5583
"2018-04-25",24.8029
"2018-04-26",24.4881
"2018-04-27",24.5176
"2018-04-28",24.5182
"2018-04-29",24.6354
"2018-04-30",24.4067
"2018-05-01",24.5089
"2018-05-02",24.2104
"2018-05-03",24.1082
"2018-05-04",24.2673
"2018-05-05",24.2612
"2018-05-06",24.3493
"2018-05-07",24.4985
"2018-05-08",24.2765
"2018-05-09",24.5091
"2018-05-10",24.5098
"2018-05-11",24.2926
"2018-05-12",24.3539
"2018-05-13",24.2454
"2018-05-14",24.2301
"2018-05-15",24.1363
"2018-05-16",24.2261
"2018-05-17",24.2651
"2018-05-18",24.0167
"2018-05-19",23.7713
"2018-05-20",24.0142
"2018-05-21",24.33
"2018-05-22",24.2847
"2018-05-23",24.2148
"2018-05-24",24.3227
"2018-05-25",24.2887
"2018-05-26",24.023
"2018-05-27",24.5717
"2018-05-28",24.4677
"2018-05-29",24.569
"2018-05-30",24.645
"2018-05-31",24.6953
"2018-06-01",24.5637
"2018-06-02",25.0502
"2018-06-03",24.4534
"2018-06-04",24.4688
"2018-06-05",24.2252
"2018-06-06",24.11
"2018-06-07",24.5322
"2018-06-08",24.2073
"2018-06-09",24.3165
"2018-06-10",24.4366
"2018-06-11",24.5503
"2018-06-12",24.6106
"2018-06-13",24.3484
"2018-06-14",24.2459
"2018-06-15",23.7501
"2018-06-16",23.8501
"2018-06-17",23.8396
"2018-06-18",23.8258
"2018-06-19",24.0724
"2018-06-20",24.2364
"2018-06-21",24.5073
"2018-06-22",24.1188
"2018-06-23",24.7077
"2018-06-24",24.5974
"2018-06-25",24.5896
"2018-06-26",24.1937
"2018-06-27",24.5377
"2018-06-28",24.3759
"2018-06-29",24.0327
"2018-06-30",24.4276
"2018-07-01",23.5509
"2018-07-02",23.6325
"2018-07-03",23.8987
"2018-07-04",24.0951
"2018-07-05",24.4595
"2018-07-06",24.3863
"2018-07-07",24.5814
"2018-07-08",24.3995
"2018-07-09",24.4746
"2018-07-10",23.9396
"2018-07-11",24.4878
"2018-07-12",24.62
"2018-07-13",24.4659
"2018-07-14",24.6744
"2018-07-15",24.4057
"2018-07-16",25.0542
"2018-07-17",25.2239
"2018-07-18",24.9929
"2018-07-19",24.7028
"2018-07-20",24.8683
"2018-07-21",24.7016
"2018-07-22",24.5332
"2018-07-23",24.3627
"2018-07-24",24.4141
"2018-07-25",24.5402
"2018-07-26",24.2361
"2018-07-27",24.9239
"2018-07-28",24.4922
"2018-07-29",24.9217
"2018-07-30",24.7354
"2018-07-31",24.7985
"2018-08-01",24.6674
"2018-08-02",24.856
"2018-08-03",24.5406
"2018-08-04",24.7456
"2018-08-05",24.6283
"2018-08-06",25.0324
"2018-08-07",25.157
"2018-08-08",25.2223
"2018-08-09",25.0295
"2018-08-10",25.1104
"2018-08-11",24.9277
"2018-08-12",25.5788
"2018-08-13",25.3712
"2018-08-14",24.7837
"2018-08-15",25.2593
"2018-08-16",25.2287
"2018-08-17",25.4215
"2018-08-18",25.4429
"2018-08-19",24.912
"2018-08-20",25.8919
"2018-08-21",25.9006
"2018-08-22",25.8654
"2018-08-23",24.9356
"2018-08-24",25.1951
"2018-08-25",25.8868
"2018-08-26",26.0499
"2018-08-27",25.8649
"2018-08-28",25.6338
"2018-08-29",25.7814
"2018-08-30",25.546
"2018-08-31",26.4113
"2018-09-01",26.171
"2018-09-02",26.0103
"2018-09-03",26.2602
"2018-09-04",25.9618
"2018-09-05",24.786
"2018-09-06",24.8769
"2018-09-07",24.8397
"2018-09-08",25.0483
"2018-09-09",25.8841
"2018-09-10",25.1179
"2018-09-11",25.1837
"2018-09-12",25.8519
"2018-09-13",26.7154
"2018-09-14",25.8666
"2018-09-15",26.4146
"2018-09-16",26.5771
"2018-09-17",26.8788
"2018-09-18",26.0401
"2018-09-19",26.4403
"2018-09-20",26.286
"2018-09-21",26.2339
"2018-09-22",25.9626
"2018-09-23",25.3728
"2018-09-24",26.0177
"2018-09-25",26.8737
"2018-09-26",26.3547
"2018-09-27",26.2485
"2018-09-28",25.763
"2018-09-29",26.2308
"2018-09-30",26.5552
"2018-10-01",26.3118
"2018-10-02",25.9059
"2018-10-03",26.7877
"2018-10-04",26.6731
"2018-10-05",26.3908
"2018-10-06",26.9151
"2018-10-07",26.7382
"2018-10-08",26.5933
"2018-10-09",27.0498
"2018-10-10",26.5815
"2018-10-11",26.5301
"2018-10-12",26.5627
"2018-10-13",26.3969
"2018-10-14",26.6079
"2018-10-15",26.5748
"2018-10-16",26.4137
"2018-10-17",26.5019
"2018-10-18",26.7992
"2018-10-19",25.1736
"2018-10-20",25.2039
"2018-10-21",25.9576
"2018-10-22",25.1071
"2018-10-23",25.5901
"2018-10-24",26.6972
"2018-10-25",26.6269
"2018-10-26",26.8745
"2018-10-27",26.6136
"2018-10-28",26.6702
"2018-10-29",26.4849
"2018-10-30",26.4836
"2018-10-31",26.2133
"2018-11-01",26.4507
"2018-11-02",26.4732
"2018-11-03",26.1893
"2018-11-04",26.0941
"2018-11-05",26.1753
"2018-11-06",26.1687
"2018-11-07",25.9452
"2018-11-08",25.5925
"2018-11-09",26.4322
"2018-11-10",26.4254
"2018-11-11",26.4669
"2018-11-12",26.6001
"2018-11-13",26.3239
"2018-11-14",26.7406
"2018-11-15",26.4534
"2018-11-16",25.8403
"2018-11-17",26.1622
"2018-11-18",25.943
"2018-11-19",26.1256
"2018-11-20",25.9975
"2018-11-21",26.0075
"2018-11-22",25.0384
"2018-11-23",25.4368
"2018-11-24",25.4822
"2018-11-25",25.432
"2018-11-26",24.9615
"2018-11-27",25.2948
"2018-11-28",25.5676
"2018-11-29",25.0886
"2018-11-30",24.6572
"2018-12-01",24.8509
"2018-12-02",24.462
"2018-12-03",24.1664
"2018-12-04",24.561
"2018-12-05",24.231
"2018-12-06",24.6363
"2018-12-07",24.3026
"2018-12-08",24.6312
"2018-12-09",24.0332
"2018-12-10",24.0229
"2018-12-11",24.1473
"2018-12-12",24.594
"2018-12-13",24.5244
"2018-12-14",23.8319
"2018-12-15",24.017
"2018-12-16",24.0667
"2018-12-17",24.1398
"2018-12-18",23.9033
"2018-12-19",24.1676
"2018-12-20",24.042
"2018-12-21",24.2192
"2018-12-22",23.421
"2018-12-23",23.7853
"2018-12-24",23.7973
"2018-12-25",24.231
"2018-12-26",23.5787
"2018-12-27",23.5338
"2018-12-28",23.8486
"2018-12-29",23.5424
"2018-12-30",23.3088
"2018-12-31",23.8076
"2019-01-01",23.4758
"2019-01-02",23.1457
"2019-01-03",23.0333
"2019-01-04",23.3049
"2019-01-05",23.0175
"2019-01-06",23.0284
"2019-01-07",23.1992
"2019-01-08",23.3895
"2019-01-09",23.4345
"2019-01-10",23.3893
"2019-01-11",23.4992
"2019-01-12",23.7592
"2019-01-13",23.6838
"2019-01-14",23.4954
"2019-01-15",23.5392
"2019-01-16",23.9819
"2019-01-17",24.3014
"2019-01-18",24.1309
"2019-01-19",23.884
"2019-01-20",23.8019
"2019-01-21",23.9237
"2019-01-22",23.8348
"2019-01-23",23.9388
"2019-01-24",23.863
"2019-01-25",23.8384
"2019-01-26",23.4974
"2019-01-27",23.7989
"2019-01-28",23.227
"2019-01-29",23.6377
"2019-01-30",23.6482
"2019-01-31",23.6675
"2019-02-01",23.3877
"2019-02-02",23.3529
"2019-02-03",23.236
"2019-02-04",23.5
"2019-02-05",23.4687
"2019-02-06",23.9275
"2019-02-07",24.1288
"2019-02-08",24.1032
"2019-02-09",23.9334
"2019-02-10",23.6574
"2019-02-11",23.697
"2019-02-12",23.682
"2019-02-13",23.8742
"2019-02-14",24.0703
"2019-02-15",23.5552
"2019-02-16",24.0807
"2019-02-17",24.0585
"2019-02-18",24.0796
"2019-02-19",23.7935
"2019-02-20",23.5974
"2019-02-21",23.5416
"2019-02-22",23.4095
"2019-02-23",23.1659
"2019-02-24",22.5386
"2019-02-25",22.5556
"2019-02-26",22.7063
"2019-02-27",22.9368
"2019-02-28",22.8677
"2019-03-01",22.947
"2019-03-02",22.9799
"2019-03-03",22.7476
"2019-03-04",22.7673
"2019-03-05",22.943
"2019-03-06",22.9768
"2019-03-07",23.0155
"2019-03-08",23.2322
"2019-03-09",23.307
"2019-03-10",23.5305
"2019-03-11",23.6145
"2019-03-12",23.3524
"2019-03-13",23.2708
"2019-03-14",23.3615
"2019-03-15",23.5334
"2019-03-16",23.7788
"2019-03-17",23.6943
"2019-03-18",22.7168
"2019-03-19",23.0847
"2019-03-20",23.1592
"2019-03-21",23.1829
"2019-03-22",23.4402
"2019-03-23",23.4323
"2019-03-24",23.1596
"2019-03-25",23.176
"2019-03-26",23.3755
"2019-03-27",23.0379
"2019-03-28",23.078
"2019-03-29",23.3447
"2019-03-30",23.4795
"2019-03-31",24.2669
"2019-04-01",24.658
"2019-04-02",23.9206
"2019-04-03",23.7932
"2019-04-04",23.9083
"2019-04-05",23.7205
"2019-04-06",23.7105
"2019-04-07",24.1912
"2019-04-08",23.7686
"2019-04-09",23.6073
"2019-04-10",23.9246
"2019-04-11",24.0136
"2019-04-12",24.2122
"2019-04-13",24.7068
"2019-04-14",24.6246
"2019-04-15",24.3394
"2019-04-16",24.4148
"2019-04-17",24.252
"2019-04-18",24.3534
"2019-04-19",24.3856
"2019-04-20",24.4631
"2019-04-21",24.4992
"2019-04-22",24.3944
"2019-04-23",24.4888
"2019-04-24",24.4381
"2019-04-25",24.665
"2019-04-26",24.488
"2019-04-27",25.1193
"2019-04-28",25.1464
"2019-04-29",25.0964
"2019-04-30",24.5545
"2019-05-01",24.7476
"2019-05-02",24.7773
"2019-05-03",24.8644
"2019-05-04",25.1143
"2019-05-05",24.4892
"2019-05-06",24.6936
"2019-05-07",24.5622
"2019-05-08",24.5632
"2019-05-09",24.6163
"2019-05-10",24.9341
"2019-05-11",24.7434
"2019-05-12",25.0073
"2019-05-13",24.9911
"2019-05-14",24.5041
"2019-05-15",24.3166
"2019-05-16",24.2433
"2019-05-17",24.3017
"2019-05-18",24.7068
"2019-05-19",24.8922
"2019-05-20",24.6691
"2019-05-21",24.8888
"2019-05-22",25.0573
"2019-05-23",24.9698
"2019-05-24",25.2727
"2019-05-25",25.1826
"2019-05-26",25.7752
"2019-05-27",25.7567
"2019-05-28",25.7311
"2019-05-29",25.3548
"2019-05-30",25.5601
"2019-05-31",25.9652
"2019-06-01",26.0417
"2019-06-02",26.2766
"2019-06-03",25.7
"2019-06-04",26.1802
"2019-06-05",24.8457
"2019-06-06",25.9905
"2019-06-07",26.3237
"2019-06-08",26.4819
"2019-06-09",25.7669
"2019-06-10",24.8534
"2019-06-11",25.7584
"2019-06-12",25.6744
"2019-06-13",25.999
"2019-06-14",26.1625
"2019-06-15",25.6647
"2019-06-16",25.8088
"2019-06-17",25.4956
"2019-06-18",25.2719
"2019-06-19",25.5943
"2019-06-20",25.2104
"2019-06-21",25.7438
"2019-06-22",25.756
"2019-06-23",25.5235
"2019-06-24",25.17
"2019-06-25",25.4814
"2019-06-26",25.2887
"2019-06-27",25.0562
"2019-06-28",25.4486
"2019-06-29",25.2752
"2019-06-30",25.4199
"2019-07-01",25.0789
"2019-07-02",25.1382
"2019-07-03",24.4085
"2019-07-04",24.7801
"2019-07-05",24.821
"2019-07-06",24.4581
"2019-07-07",24.9109
"2019-07-08",24.9344
"2019-07-09",24.5202
"2019-07-10",24.3491
"2019-07-11",23.8708
"2019-07-12",24.9937
"2019-07-13",24.8507
"2019-07-14",25.2252
"2019-07-15",24.973
"2019-07-16",24.8906
"2019-07-17",24.9271
"2019-07-18",24.9835
"2019-07-19",25.1616
"2019-07-20",24.9945
"2019-07-21",24.72
"2019-07-22",25.1691
"2019-07-23",25.3178
"2019-07-24",25.286
"2019-07-25",24.919
"2019-07-26",24.8582
"2019-07-27",25.1145
"2019-07-28",24.784
"2019-07-29",24.7185
"2019-07-30",25.3503
"2019-07-31",25.3228
"2019-08-01",25.1342
"2019-08-02",25.8489
"2019-08-03",25.8404
"2019-08-04",24.7649
"2019-08-05",25.0811
"2019-08-06",25.1665
"2019-08-07",25.7079
"2019-08-08",24.7965
"2019-08-09",25.5868
"2019-08-10",26.1244
"2019-08-11",25.8825
"2019-08-12",26.0633
"2019-08-13",24.8795
"2019-08-14",25.0906
"2019-08-15",25.0962
"2019-08-16",25.101
"2019-08-17",24.6474
"2019-08-18",24.2743
"2019-08-19",25.3844
"2019-08-20",25.9761
"2019-08-21",26.459
"2019-08-22",26.0185
"2019-08-23",26.1232
"2019-08-24",25.1146
"2019-08-25",25.7624
"2019-08-26",26.2328
"2019-08-27",26.6576
"2019-08-28",26.4164
"2019-08-29",26.2111
"2019-08-30",26.6831
"2019-08-31",27.1296
"2019-09-01",26.4253
"2019-09-02",26.1477
"2019-09-03",27.0736
"2019-09-04",26.406
"2019-09-05",25.1506
"2019-09-06",25.1846
"2019-09-07",26.8015
"2019-09-08",27.2077
"2019-09-09",27.3871
"2019-09-10",27.4692
"2019-09-11",26.6167
"2019-09-12",26.6981
"2019-09-13",27.1077
"2019-09-14",27.0524
"2019-09-15",27.0794
"2019-09-16",27.3204
"2019-09-17",26.8986
"2019-09-18",26.4353
"2019-09-19",26.5005
"2019-09-20",27.0261
"2019-09-21",26.687
"2019-09-22",25.9018
"2019-09-23",26.0188
"2019-09-24",26.6877
"2019-09-25",27.1005
"2019-09-26",27.2911
"2019-09-27",27.5912
"2019-09-28",26.5859
"2019-09-29",27.1634
"2019-09-30",27.3622
"2019-10-01",27.1924
"2019-10-02",27.6999
"2019-10-03",27.1052
"2019-10-04",26.8735
"2019-10-05",27.0133
"2019-10-06",27.2972
"2019-10-07",27.1472
"2019-10-08",26.9562
"2019-10-09",26.5777
"2019-10-10",24.9
"2019-10-11",25.7887
"2019-10-12",26.4521
"2019-10-13",26.9191
"2019-10-14",26.9362
"2019-10-15",26.4767
"2019-10-16",26.1465
"2019-10-17",25.522
"2019-10-18",25.669
"2019-10-19",26.6738
"2019-10-20",26.4604
"2019-10-21",26.5756
"2019-10-22",26.0447
"2019-10-23",26.1999
"2019-10-24",26.6389
"2019-10-25",26.848
"2019-10-26",27.1546
"2019-10-27",26.9939
"2019-10-28",26.8968
"2019-10-29",26.6972
"2019-10-30",26.5096
"2019-10-31",26.8362
"2019-11-01",26.7781
"2019-11-02",26.5233
"2019-11-03",26.1045
"2019-11-04",26.8267
"2019-11-05",26.8051
"2019-11-06",25.8018
"2019-11-07",25.7219
"2019-11-08",26.6857
"2019-11-09",26.3082
"2019-11-10",26.3302
"2019-11-11",26.489
"2019-11-12",26.3423
"2019-11-13",25.714
"2019-11-14",26.4492
"2019-11-15",25.857
"2019-11-16",25.5756
"2019-11-17",25.7994
"2019-11-18",25.8946
"2019-11-19",26.2475
"2019-11-20",25.897
"2019-11-21",25.5068
"2019-11-22",25.9665
"2019-11-23",26.4651
"2019-11-24",26.5319
"2019-11-25",26.4692
"2019-11-26",26.6861
"2019-11-27",26.7384
"2019-11-28",26.4242
"2019-11-29",25.3975
"2019-11-30",25.9521
"2019-12-01",26.2732
"2019-12-02",26.1374
"2019-12-03",26.7096
"2019-12-04",26.0156
"2019-12-05",26.2267
"2019-12-06",26.1392
"2019-12-07",25.8737
"2019-12-08",25.4975
"2019-12-09",25.0602
"2019-12-10",25.2535
"2019-12-11",25.3024
"2019-12-12",24.8492
"2019-12-13",24.6309
"2019-12-14",25.3783
"2019-12-15",25.5782
"2019-12-16",25.4948
"2019-12-17",24.9284
"2019-12-18",25.1596
"2019-12-19",25.5272
"2019-12-20",25.4977
"2019-12-21",25.2565
"2019-12-22",25.008
"2019-12-23",24.9542
"2019-12-24",25.346
"2019-12-25",25.5291
"2019-12-26",25.7054
"2019-12-27",25.6213
"2019-12-28",25.7435
"2019-12-29",24.5615
"2019-12-30",24.645
"2019-12-31",24.886
"2020-01-01",24.9268
"2020-01-02",24.4639
"2020-01-03",24.4653
"2020-01-04",24.3544
"2020-01-05",24.6357
"2020-01-06",24.3738
"2020-01-07",24.7497
"2020-01-08",24.9988
"2020-01-09",24.7956
"2020-01-10",24.5653
"2020-01-11",24.3219
"2020-01-12",24.5518
"2020-01-13",24.1743
"2020-01-14",24.2137
"2020-01-15",24.6468
"2020-01-16",24.7302
"2020-01-17",24.7342
"2020-01-18",24.5955
"2020-01-19",24.4327
"2020-01-20",24.3721
"2020-01-21",24.5545
"2020-01-22",24.4641
"2020-01-23",24.0404
"2020-01-24",24.2263
"2020-01-25",24.4491
"2020-01-26",24.8597
"2020-01-27",24.9978
"2020-01-28",24.9136
"2020-01-29",24.8848
"2020-01-30",25.451
"2020-01-31",25.6034
"2020-02-01",25.1042
"2020-02-02",24.9148
"2020-02-03",25.1388
"2020-02-04",24.6154
"2020-02-05",24.2757
"2020-02-06",24.2594
"2020-02-07",24.0326
"2020-02-08",23.924
"2020-02-09",23.9366
"2020-02-10",24.2101
"2020-02-11",23.6418
"2020-02-12",24.0798
"2020-02-13",24.2358
"2020-02-14",23.7579
"2020-02-15",24.0736
"2020-02-16",23.6759
"2020-02-17",23.8683
"2020-02-18",24.3607
"2020-02-19",23.8077
"2020-02-20",23.8415
"2020-02-21",23.3633
"2020-02-22",23.3856
"2020-02-23",23.4115
"2020-02-24",23.6756
"2020-02-25",23.8699
"2020-02-26",23.8368
"2020-02-27",23.9728
"2020-02-28",23.9457
"2020-02-29",24.0598
"2020-03-01",24.1227
"2020-03-02",23.9578
"2020-03-03",23.8061
"2020-03-04",23.8083
"2020-03-05",24.0548
"2020-03-06",23.9151
"2020-03-07",23.728
"2020-03-08",24.0695
"2020-03-09",24.2059
"2020-03-10",24.3113
"2020-03-11",24.0541
"2020-03-12",24.0577
"2020-03-13",24.1014
"2020-03-14",24.1127
"2020-03-15",23.6273
"2020-03-16",23.9164
"2020-03-17",24.0316
"2020-03-18",24.5125
"2020-03-19",24.5944
"2020-03-20",24.3998
"2020-03-21",24.0668
"2020-03-22",24.344
"2020-03-23",24.949
"2020-03-24",25.0046
"2020-03-25",24.9735
"2020-03-26",24.72
"2020-03-27",24.3024
"2020-03-28",24.299
"2020-03-29",24.7554
"2020-03-30",24.2485
"2020-03-31",24.6024
"2020-04-01",24.4465
"2020-04-02",24.3411
"2020-04-03",25.0369
"2020-04-04",24.9467
"2020-04-05",25.1827
"2020-04-06",25.5962
"2020-04-07",25.2021
"2020-04-08",25.1536
"2020-04-09",25.3077
"2020-04-10",25.237
"2020-04-11",25.0834
"2020-04-12",24.7997
"2020-04-13",24.7431
"2020-04-14",24.5504
"2020-04-15",24.45
"2020-04-16",24.8607
"2020-04-17",24.8897
"2020-04-18",24.8373
"2020-04-19",24.9403
"2020-04-20",24.7349
"2020-04-21",24.9156
"2020-04-22",25.312
"2020-04-23",25.1363
"2020-04-24",24.7049
"2020-04-25",25.1047
"2020-04-26",24.9996
"2020-04-27",24.956
"2020-04-28",24.7277
"2020-04-29",25.1303
"2020-04-30",25.0054
"2020-05-01",25.536
"2020-05-02",25.5392
"2020-05-03",25.4946
"2020-05-04",25.3799
"2020-05-05",25.4045
"2020-05-06",25.4549
"2020-05-07",25.4624
"2020-05-08",24.792
"2020-05-09",24.9325
"2020-05-10",24.6702
"2020-05-11",24.6619
"2020-05-12",24.797
"2020-05-13",25.0454
"2020-05-14",24.8469
"2020-05-15",24.7276
"2020-05-16",24.5208
"2020-05-17",24.9925
"2020-05-18",24.6922
"2020-05-19",24.4547
"2020-05-20",24.6139
"2020-05-21",24.8752
"2020-05-22",25.325
"2020-05-23",25.1617
"2020-05-24",25.2906
"2020-05-25",25.278
"2020-05-26",26.1229
"2020-05-27",25.5303
"2020-05-28",25.3609
"2020-05-29",25.2208
"2020-05-30",25.5886
"2020-05-31",25.411
"2020-06-01",25.6264
"2020-06-02",25.5198
"2020-06-03",25.5932
"2020-06-04",25.1758
"2020-06-05",25.9167
"2020-06-06",25.3259
"2020-06-07",25.6923
"2020-06-08",25.6343
"2020-06-09",25.7997
"2020-06-10",24.7443
"2020-06-11",25.3369
"2020-06-12",26.0261
"2020-06-13",26.1757
"2020-06-14",26.2458
"2020-06-15",26.0375
"2020-06-16",25.5953
"2020-06-17",25.3563
"2020-06-18",24.8383
"2020-06-19",24.6988
"2020-06-20",25.6849
"2020-06-21",26.0653
"2020-06-22",25.6255
"2020-06-23",25.6392
"2020-06-24",25.3233
"2020-06-25",25.264
"2020-06-26",25.2796
"2020-06-27",25.3209
"2020-06-28",25.1745
"2020-06-29",25.3794
"2020-06-30",25.3762
"2020-07-01",25.5879
"2020-07-02",25.5454
"2020-07-03",25.3314
"2020-07-04",25.5226
"2020-07-05",25.6568
"2020-07-06",25.5954
"2020-07-07",24.7271
"2020-07-08",25.288
"2020-07-09",25.5103
"2020-07-10",25.2713
"2020-07-11",25.4318
"2020-07-12",25.244
"2020-07-13",25.2414
"2020-07-14",25.7849
"2020-07-15",25.5103
"2020-07-16",24.9407
"2020-07-17",25.4048
"2020-07-18",25.8788
"2020-07-19",25.3501
"2020-07-20",25.0783
"2020-07-21",25.1969
"2020-07-22",26.1062
"2020-07-23",24.9937
"2020-07-24",26.0485
"2020-07-25",25.6578
"2020-07-26",25.7584
"2020-07-27",25.109
"2020-07-28",26.0078
"2020-07-29",25.3053
"2020-07-30",26.5305
"2020-07-31",25.6598
"2020-08-01",25.1256
"2020-08-02",26.3802
"2020-08-03",25.8368
"2020-08-04",25.1995
"2020-08-05",25.2155
"2020-08-06",25.2928
"2020-08-07",25.5833
"2020-08-08",24.8708
"2020-08-09",25.4315
"2020-08-10",25.2508
"2020-08-11",25.8268
"2020-08-12",25.733
"2020-08-13",26.3052
"2020-08-14",26.0864
"2020-08-15",26.4044
"2020-08-16",25.9283
"2020-08-17",26.2915
"2020-08-18",25.3029
"2020-08-19",25.5118
"2020-08-20",26.522
"2020-08-21",26.0321
"2020-08-22",25.7453
"2020-08-23",25.172
"2020-08-24",25.5445
"2020-08-25",26.2536
"2020-08-26",26.2574
"2020-08-27",26.6882
"2020-08-28",26.6846
"2020-08-29",26.3435
"2020-08-30",25.6858
"2020-08-31",25.2519
"2020-09-01",26.4011
"2020-09-02",25.8025
"2020-09-03",24.7748
"2020-09-04",25.9094
"2020-09-05",27.1687
"2020-09-06",26.4007
"2020-09-07",26.3824
"2020-09-08",25.9925
"2020-09-09",25.7312
"2020-09-10",25.4967
"2020-09-11",25.9101
"2020-09-12",27.2796
"2020-09-13",26.5805
"2020-09-14",27.3075
"2020-09-15",27.6153
"2020-09-16",27.0207
"2020-09-17",26.5796
"2020-09-18",26.5222
"2020-09-19",26.9174
"2020-09-20",26.9572
"2020-09-21",27.13
"2020-09-22",27.2351
"2020-09-23",27.5443
"2020-09-24",26.2976
"2020-09-25",26.8913
"2020-09-26",27.7015
"2020-09-27",25.5975
"2020-09-28",25.4916
"2020-09-29",26.5489
"2020-09-30",26.692
"2020-10-01",26.3871
"2020-10-02",26.1402
"2020-10-03",26.231
"2020-10-04",26.9472
"2020-10-05",25.6896
"2020-10-06",24.7054
"2020-10-07",26.4762
"2020-10-08",26.6056
"2020-10-09",27.2907
"2020-10-10",25.7902
"2020-10-11",26.7158
"2020-10-12",26.4996
"2020-10-13",26.4989
"2020-10-14",27.1331
"2020-10-15",26.8507
"2020-10-16",26.85
"2020-10-17",26.9588
"2020-10-18",26.8577
"2020-10-19",27.8517
"2020-10-20",27.2729
"2020-10-21",27.632
"2020-10-22",27.5577
"2020-10-23",27.5209
"2020-10-24",26.9704
"2020-10-25",27.0381
"2020-10-26",26.688
"2020-10-27",26.7077
"2020-10-28",26.3181
"2020-10-29",26.402
"2020-10-30",26.7916
"2020-10-31",26.9219
"2020-11-01",26.8196
"2020-11-02",25.9411
"2020-11-03",25.9383
"2020-11-04",26.6559
"2020-11-05",26.7362
"2020-11-06",27.0445
"2020-11-07",26.7068
"2020-11-08",26.7949
"2020-11-09",25.4186
"2020-11-10",25.9102
"2020-11-11",26.2226
"2020-11-12",26.9024
"2020-11-13",26.5042
"2020-11-14",26.3385
"2020-11-15",26.643
"2020-11-16",26.1089
"2020-11-17",25.1556
"2020-11-18",25.3774
"2020-11-19",26.4735
"2020-11-20",26.342
"2020-11-21",26.472
"2020-11-22",25.8964
"2020-11-23",26.438
"2020-11-24",26.648
"2020-11-25",26.6159
"2020-11-26",25.7955
"2020-11-27",25.9431
"2020-11-28",25.7352
"2020-11-29",26.2012
"2020-11-30",26.28
"2020-12-01",26.1053
"2020-12-02",26.0153
"2020-12-03",25.7848
"2020-12-04",25.5969
"2020-12-05",26.0364
"2020-12-06",25.8697
"2020-12-07",25.956
"2020-12-08",25.7163
"2020-12-09",25.8052
"2020-12-10",25.8581
"2020-12-11",24.9745
"2020-12-12",25.4446
"2020-12-13",25.6248
"2020-12-14",25.7525
"2020-12-15",25.5148
"2020-12-16",25.465
"2020-12-17",25.7119
"2020-12-18",25.5134
"2020-12-19",25.1853
"2020-12-20",24.9694
"2020-12-21",25.4483
"2020-12-22",25.5785
"2020-12-23",25.118
"2020-12-24",25.176
"2020-12-25",24.7083
"2020-12-26",24.9941
"2020-12-27",24.9947
"2020-12-28",24.5783
"2020-12-29",25.1681
"2020-12-30",24.782
"2020-12-31",25.1751
"2021-01-01",25.1961
"2021-01-02",24.2888
"2021-01-03",23.9553
"2021-01-04",24.5
"2021-01-05",22.8008
"2021-01-06",24.7467
"2021-01-07",24.8375
"2021-01-08",24.9217
"2021-01-09",24.8759
"2021-01-10",24.5227
"2021-01-11",24.5081
"2021-01-12",23.3332
"2021-01-13",23.5931
"2021-01-14",23.7321
"2021-01-15",24.3664
"2021-01-16",22.8704
"2021-01-17",23.8734
"2021-01-18",23.943
"2021-01-19",24.2063
"2021-01-20",23.8932
"2021-01-21",23.5246
"2021-01-22",23.9899
"2021-01-23",24.4576
"2021-01-24",24.433
"2021-01-25",24.2581
"2021-01-26",24.3035
"2021-01-27",24.2165
"2021-01-28",23.4769
"2021-01-29",23.646
"2021-01-30",23.7389
"2021-01-31",24.4812
"2021-02-01",23.884
"2021-02-02",24.0866
"2021-02-03",23.9473
"2021-02-04",24.4047
"2021-02-05",24.2479
"2021-02-06",23.9272
"2021-02-07",24.0261
"2021-02-08",24.0335
"2021-02-09",23.9589
"2021-02-10",23.3028
"2021-02-11",23.0553
"2021-02-12",23.5616
"2021-02-13",23.8313
"2021-02-14",23.8077
"2021-02-15",24.0356
"2021-02-16",23.5473
"2021-02-17",23.2508
"2021-02-18",23.1674
"2021-02-19",23.123
"2021-02-20",22.9141
"2021-02-21",23.2038
"2021-02-22",22.9923
"2021-02-23",23.7073
"2021-02-24",23.7355
"2021-02-25",23.6672
"2021-02-26",23.5394
"2021-02-27",23.1229
"2021-02-28",23.3787
"2021-03-01",22.8899
"2021-03-02",22.7914
"2021-03-03",22.7285
"2021-03-04",23.5917
"2021-03-05",23.4657
"2021-03-06",24.0278
"2021-03-07",23.9772
"2021-03-08",23.8132
"2021-03-09",23.8174
"2021-03-10",23.3299
"2021-03-11",23.761
"2021-03-12",23.9
"2021-03-13",23.8487
"2021-03-14",23.8946
"2021-03-15",24.1122
"2021-03-16",24.1076
"2021-03-17",23.9362
"2021-03-18",23.8242
"2021-03-19",23.4802
"2021-03-20",23.8891
"2021-03-21",24.0104
"2021-03-22",23.8888
"2021-03-23",24.2822
"2021-03-24",24.0449
"2021-03-25",24.2823
"2021-03-26",24.2143
"2021-03-27",24.2526
"2021-03-28",24.1499
"2021-03-29",23.9826
"2021-03-30",24.1256
"2021-03-31",24.0781
"2021-04-01",23.9387
"2021-04-02",23.9099
"2021-04-03",23.8913
"2021-04-04",24.0927
"2021-04-05",23.73
"2021-04-06",23.9029
"2021-04-07",24.1149
"2021-04-08",24.2568
"2021-04-09",24.5512
"2021-04-10",24.6021
"2021-04-11",24.509
"2021-04-12",24.3344
"2021-04-13",25.0448
"2021-04-14",24.777
"2021-04-15",24.5865
"2021-04-16",24.6734
"2021-04-17",24.3914
"2021-04-18",24.465
"2021-04-19",24.0879
"2021-04-20",23.9632
"2021-04-21",24.0593
"2021-04-22",24.044
"2021-04-23",24.3588
"2021-04-24",24.637
"2021-04-25",24.453
"2021-04-26",24.465
"2021-04-27",24.4964
"2021-04-28",24.318
"2021-04-29",23.8037
"2021-04-30",24.2048
"2021-05-01",24.4382
"2021-05-02",25.0434
"2021-05-03",25.0253
"2021-05-04",24.5963
"2021-05-05",24.4174
"2021-05-06",25.1522
"2021-05-07",25.07
"2021-05-08",24.9872
"2021-05-09",24.7523
"2021-05-10",25.08
"2021-05-11",25.5067
"2021-05-12",25.0839
"2021-05-13",25.0859
"2021-05-14",25.2334
"2021-05-15",25.277
"2021-05-16",25.1003
"2021-05-17",25.3188
"2021-05-18",25.2723
"2021-05-19",25.4176
"2021-05-20",25.2978
"2021-05-21",25.2358
"2021-05-22",25.1145
"2021-05-23",25.2225
"2021-05-24",25.3614
"2021-05-25",24.7192
"2021-05-26",24.6649
"2021-05-27",24.761
"2021-05-28",24.6094
"2021-05-29",24.9478
"2021-05-30",24.9476
"2021-05-31",24.874
"2021-06-01",24.5935
"2021-06-02",24.8899
"2021-06-03",24.5001
"2021-06-04",24.7808
"2021-06-05",24.8647
"2021-06-06",24.615
"2021-06-07",24.696
"2021-06-08",25.0753
"2021-06-09",25.119
"2021-06-10",24.9026
"2021-06-11",24.9204
"2021-06-12",24.8215
"2021-06-13",24.8811
"2021-06-14",24.8169
"2021-06-15",25.3204
"2021-06-16",25.0421
"2021-06-17",24.5493
"2021-06-18",24.873
"2021-06-19",25.2762
"2021-06-20",25.3122
"2021-06-21",25.2466
"2021-06-22",25.3909
"2021-06-23",24.8362
"2021-06-24",23.696
"2021-06-25",24.8171
"2021-06-26",25.2535
"2021-06-27",25.6097
"2021-06-28",25.3985
"2021-06-29",25.1499
"2021-06-30",25.2728
"2021-07-01",24.4408
"2021-07-02",24.0353
"2021-07-03",24.2154
"2021-07-04",25.1585
"2021-07-05",24.8463
"2021-07-06",25.4509
"2021-07-07",24.8998
"2021-07-08",25.1875
"2021-07-09",25.3653
"2021-07-10",25.2862
"2021-07-11",25.5665
"2021-07-12",25.3921
"2021-07-13",25.3673
"2021-07-14",25.5767
"2021-07-15",25.5052
"2021-07-16",25.228
"2021-07-17",24.4346
"2021-07-18",24.459
"2021-07-19",25.0036
"2021-07-20",24.6013
"2021-07-21",24.841
"2021-07-22",25.0568
"2021-07-23",24.7902
"2021-07-24",24.5096
"2021-07-25",24.6071
"2021-07-26",24.9277
"2021-07-27",25.3025
"2021-07-28",24.8788
"2021-07-29",24.6726
"2021-07-30",24.8487
"2021-07-31",25.3919
"2021-08-01",25.293
"2021-08-02",24.642
"2021-08-03",24.7258
"2021-08-04",24.6243
"2021-08-05",24.8553
"2021-08-06",24.9824
"2021-08-07",24.8269
"2021-08-08",25.9491
"2021-08-09",25.7666
"2021-08-10",25.5452
"2021-08-11",25.6412
"2021-08-12",25.6274
"2021-08-13",25.7069
"2021-08-14",24.8672
"2021-08-15",25.311
"2021-08-16",25.2636
"2021-08-17",26.4228
"2021-08-18",24.6601
"2021-08-19",24.9897
"2021-08-20",25.545
"2021-08-21",26.2858
"2021-08-22",26.4149
"2021-08-23",26.1757
"2021-08-24",25.8222
"2021-08-25",26.3431
"2021-08-26",26.8074
"2021-08-27",26.0138
"2021-08-28",26.4531
"2021-08-29",25.9304
"2021-08-30",25.8165
"2021-08-31",24.6785
"2021-09-01",25.7777
"2021-09-02",26.3255
"2021-09-03",26.1804
"2021-09-04",25.9276
"2021-09-05",25.9187
"2021-09-06",26.48
"2021-09-07",26.5037
"2021-09-08",26.4663
"2021-09-09",26.289
"2021-09-10",26.2311
"2021-09-11",26.525
"2021-09-12",26.1635
"2021-09-13",26.3622
"2021-09-14",26.3512
"2021-09-15",26.5894
"2021-09-16",26.4455
"2021-09-17",26.5123
"2021-09-18",25.4203
"2021-09-19",26.5806
"2021-09-20",26.5649
"2021-09-21",26.5173
"2021-09-22",26.7581
"2021-09-23",25.8016
"2021-09-24",25.7147
"2021-09-25",26.1841
"2021-09-26",26.7979
"2021-09-27",26.5659
"2021-09-28",27.0796
"2021-09-29",26.9447
"2021-09-30",26.9611
"2021-10-01",26.9027
"2021-10-02",26.8787
"2021-10-03",26.8507
"2021-10-04",26.4912
"2021-10-05",26.5688
"2021-10-06",26.4176
"2021-10-07",26.2926
"2021-10-08",26.3932
"2021-10-09",26.1573
"2021-10-10",26.4395
"2021-10-11",26.4584
"2021-10-12",26.9242
"2021-10-13",26.682
"2021-10-14",26.2541
"2021-10-15",26.8018
"2021-10-16",26.6843
"2021-10-17",26.7894
"2021-10-18",26.9358
"2021-10-19",27.1347
"2021-10-20",26.8409
"2021-10-21",26.8672
"2021-10-22",26.3232
"2021-10-23",26.4606
"2021-10-24",26.634
"2021-10-25",26.1213
"2021-10-26",25.7305
"2021-10-27",25.0171
"2021-10-28",25.6492
"2021-10-29",25.6173
"2021-10-30",25.531
"2021-10-31",25.3875
"2021-11-01",25.8413
"2021-11-02",25.8789
"2021-11-03",25.5126
"2021-11-04",25.6578
"2021-11-05",24.7593
"2021-11-06",25.3015
"2021-11-07",25.5242
"2021-11-08",25.7335
"2021-11-09",25.5556
"2021-11-10",24.8362
"2021-11-11",25.331
"2021-11-12",25.4134
"2021-11-13",25.3279
"2021-11-14",25.4928
"2021-11-15",25.4456
"2021-11-16",25.0961
"2021-11-17",24.5467
"2021-11-18",25.376
"2021-11-19",25.4736
"2021-11-20",25.4414
"2021-11-21",25.5133
"2021-11-22",25.8694
"2021-11-23",25.5461
"2021-11-24",25.7774
"2021-11-25",25.8479
"2021-11-26",25.7264
"2021-11-27",25.9432
"2021-11-28",25.8585
"2021-11-29",25.7157
"2021-11-30",25.2967
"2021-12-01",25.2168
"2021-12-02",24.9918
"2021-12-03",25.4555
"2021-12-04",25.5112
"2021-12-05",25.423
"2021-12-06",25.5292
"2021-12-07",25.1681
"2021-12-08",24.5876
"2021-12-09",24.7491
"2021-12-10",24.7127
"2021-12-11",24.8214
"2021-12-12",24.4834
"2021-12-13",24.7663
"2021-12-14",25.0835
"2021-12-15",24.8682
"2021-12-16",24.9777
"2021-12-17",24.7288
"2021-12-18",24.5195
"2021-12-19",24.9116
"2021-12-20",24.8367
"2021-12-21",24.5233
"2021-12-22",24.9161
"2021-12-23",25.0077
"2021-12-24",24.6285
"2021-12-25",24.7731
"2021-12-26",24.1158
"2021-12-27",24.2612
"2021-12-28",24.4524
"2021-12-29",24.5947
"2021-12-30",24.2182
"2021-12-31",24.3715
"2022-01-01",24.1782
"2022-01-02",23.7665
"2022-01-03",23.7516
"2022-01-04",23.5247
"2022-01-05",23.3247
"2022-01-06",23.3708
"2022-01-07",23.9112
"2022-01-08",24.0222
"2022-01-09",23.6165
"2022-01-10",23.5507
"2022-01-11",23.7599
"2022-01-12",23.7544
"2022-01-13",24.1147
"2022-01-14",23.5415
"2022-01-15",23.4245
"2022-01-16",24.554
"2022-01-17",24.5219
"2022-01-18",23.8203
"2022-01-19",24.1706
"2022-01-20",24.2985
"2022-01-21",24.1751
"2022-01-22",24.6376
"2022-01-23",23.6999
"2022-01-24",23.8131
"2022-01-25",23.8733
"2022-01-26",23.8267
"2022-01-27",23.6555
"2022-01-28",23.4612
"2022-01-29",23.4926
"2022-01-30",23.6848
"2022-01-31",23.764
"2022-02-01",24.3034
"2022-02-02",24.4377
"2022-02-03",24.3511
"2022-02-04",24.273
"2022-02-05",24.0366
"2022-02-06",24.2249
"2022-02-07",24.5348
"2022-02-08",24.4044
"2022-02-09",24.0775
"2022-02-10",23.9576
"2022-02-11",24.0887
"2022-02-12",23.7951
"2022-02-13",23.6168
"2022-02-14",23.7652
"2022-02-15",24.0123
"2022-02-16",24.0929
"2022-02-17",23.7906
"2022-02-18",23.5708
"2022-02-19",23.4932
"2022-02-20",23.3469
"2022-02-21",23.4652
"2022-02-22",23.9916
"2022-02-23",23.6877
"2022-02-24",23.6201
"2022-02-25",23.9337
"2022-02-26",23.7622
"2022-02-27",23.8456
"2022-02-28",24.1678
"2022-03-01",24.544
"2022-03-02",24.409
"2022-03-03",24.3947
"2022-03-04",24.4468
"2022-03-05",24.3619
"2022-03-06",24.0971
"2022-03-07",23.9322
"2022-03-08",24.016
"2022-03-09",24.3199
"2022-03-10",24.2178
"2022-03-11",24.4481
"2022-03-12",24.4113
"2022-03-13",24.4242
"2022-03-14",24.0236
"2022-03-15",24.1455
"2022-03-16",24.2684
"2022-03-17",24.0666
"2022-03-18",23.7059
"2022-03-19",24.0153
"2022-03-20",23.9068
"2022-03-21",23.4539
"2022-03-22",23.3948
"2022-03-23",23.5058
"2022-03-24",23.4204
"2022-03-25",23.8
"2022-03-26",23.616
"2022-03-27",24.0556
"2022-03-28",24.0337
"2022-03-29",24.0762
"2022-03-30",24.0225
"2022-03-31",23.8887
"2022-04-02",23.9099
"2022-04-03",23.7636
"2022-04-04",23.8128
"2022-04-05",23.7122
"2022-04-06",23.938
"2022-04-07",23.6888
"2022-04-08",23.8713
"2022-04-09",24.1827
"2022-04-10",24.072
"2022-04-11",24.0069
"2022-04-12",24.2159
"2022-04-13",24.001
"2022-04-14",24.1183
"2022-04-15",24.2666
"2022-04-16",24.4105
"2022-04-17",24.2066
"2022-04-18",24.2309
"2022-04-19",24.403
"2022-04-20",24.5185
"2022-04-21",24.302
"2022-04-22",23.9819
"2022-04-23",24.2431
"2022-04-24",24.4495
"2022-04-25",24.6544
"2022-04-26",24.5608
"2022-04-27",24.316
"2022-04-28",24.6816
"2022-04-29",24.7633
"2022-04-30",25.3346
"2022-05-01",25.9797
"2022-05-02",25.4268
"2022-05-03",25.7969
"2022-05-04",25.8695
"2022-05-05",25.9616
"2022-05-06",25.7919
"2022-05-07",25.5792
"2022-05-08",25.6305
"2022-05-09",25.9865
"2022-05-10",25.8326
"2022-05-11",25.9922
"2022-05-12",25.9285
"2022-05-13",25.8049
"2022-05-14",25.832
"2022-05-15",25.9688
"2022-05-16",25.1263
"2022-05-17",25.5536
"2022-05-18",25.8578
"2022-05-19",25.7172
"2022-05-20",25.5862
"2022-05-21",25.117
"2022-05-22",25.1402
"2022-05-23",25.6465
"2022-05-24",25.5007
"2022-05-25",25.3586
"2022-05-26",25.5405
"2022-05-27",25.4335
"2022-05-28",25.5345
"2022-05-29",25.4367
"2022-05-30",25.6407
"2022-05-31",25.4586
"2022-06-01",25.409
"2022-06-02",25.6699
"2022-06-03",25.2022
"2022-06-04",25.3819
"2022-06-05",25.4851
"2022-06-06",24.9861
"2022-06-07",25.2087
"2022-06-08",25.2604
"2022-06-09",25.3591
"2022-06-10",25.43
"2022-06-11",25.5995
"2022-06-12",25.3928
"2022-06-13",24.6031
"2022-06-14",24.7736
"2022-06-15",24.5664
"2022-06-16",24.9403
"2022-06-17",25.838
"2022-06-18",25.4396
"2022-06-19",25.244
"2022-06-20",25.3471
"2022-06-21",25.1484
"2022-06-22",25.3798
"2022-06-23",25.4655
"2022-06-24",25.4741
"2022-06-25",25.4507
"2022-06-26",24.8026
"2022-06-27",24.7553
"2022-06-28",25.0834
"2022-06-29",24.7175
"2022-06-30",25.3808
"2022-07-01",24.9776
"2022-07-02",25.3848
"2022-07-03",24.971
"2022-07-04",25.4822
"2022-07-05",25.3412
"2022-07-06",24.8321
"2022-07-07",25.5701
"2022-07-08",25.5151
"2022-07-09",25.3462
"2022-07-10",25.0077
"2022-07-11",25.1287
"2022-07-12",25.3834
"2022-07-13",25.0833
"2022-07-14",24.7241
"2022-07-15",24.6314
"2022-07-16",24.813
"2022-07-17",24.9917
"2022-07-18",25.1582
"2022-07-19",25.4405
"2022-07-20",24.8643
"2022-07-21",25.2473
"2022-07-22",25.3494
"2022-07-23",25.2338
"2022-07-24",25.1945
"2022-07-25",25.0029
"2022-07-26",25.0357
"2022-07-27",24.9275
"2022-07-28",25.3004
"2022-07-29",24.9111
"2022-07-30",24.7873
"2022-07-31",25.2973
"2022-08-01",25.2218
"2022-08-02",25.3961
"2022-08-03",25.0255
"2022-08-04",24.7503
"2022-08-05",25.357
"2022-08-06",25.4633
"2022-08-07",25.4291
"2022-08-08",25.6491
"2022-08-09",25.9336
"2022-08-10",24.7147
"2022-08-11",24.5654
"2022-08-12",25.0613
"2022-08-13",25.3264
"2022-08-14",24.9716
"2022-08-15",25.5404
"2022-08-16",26.2278
"2022-08-17",26.487
"2022-08-18",25.775
"2022-08-19",25.7396
"2022-08-20",25.7297
"2022-08-21",24.8748
"2022-08-22",24.4063
"2022-08-23",25.011
"2022-08-24",25.8179
"2022-08-25",26.2143
"2022-08-26",26.3409
"2022-08-27",25.8804
"2022-08-28",25.5895
"2022-08-29",25.8121
"2022-08-30",25.2575
"2022-08-31",25.595
"2022-09-01",26.0637
"2022-09-02",25.1291
"2022-09-03",26.0429
"2022-09-04",25.5944
"2022-09-05",25.9522
"2022-09-06",26.1516
"2022-09-07",26.0639
"2022-09-08",26.2979
"2022-09-09",26.5987
"2022-09-10",26.974
"2022-09-11",26.9335
"2022-09-12",26.6471
"2022-09-13",26.4642
"2022-09-14",26.8937
"2022-09-15",27.0561
"2022-09-16",26.727
"2022-09-17",25.1519
"2022-09-18",26.7556
"2022-09-19",26.8635
"2022-09-20",25.6464
"2022-09-21",26.0167
"2022-09-22",24.784
"2022-09-23",26.0607
"2022-09-24",26.3948
"2022-09-25",26.2353
"2022-09-26",26.0623
"2022-09-27",26.728
"2022-09-28",26.4359
"2022-09-29",25.5171
"2022-09-30",26.3666
"2022-10-01",26.2859
"2022-10-02",26.4913
"2022-10-03",26.6264
"2022-10-04",26.8255
"2022-10-05",26.4109
"2022-10-06",25.1074
"2022-10-07",26.5461
"2022-10-08",26.4013
"2022-10-09",26.1555
"2022-10-10",26.7975
"2022-10-11",26.3712
"2022-10-12",26.1765
"2022-10-13",26.1784
"2022-10-14",26.6063
"2022-10-15",26.4655
"2022-10-16",26.0877
"2022-10-17",26.148
"2022-10-18",26.4664
"2022-10-19",26.806
"2022-10-20",26.5579
"2022-10-21",26.7252
"2022-10-22",26.648
"2022-10-23",26.7512
"2022-10-24",25.8451
"2022-10-25",25.9631
"2022-10-26",26.8755
"2022-10-27",25.706
"2022-10-28",26.0217
"2022-10-29",25.9106
"2022-10-30",24.9605
"2022-10-31",26.443
"2022-11-01",25.7617
"2022-11-02",26.4072
"2022-11-03",25.174
"2022-11-04",24.2791
"2022-11-05",24.1844
"2022-11-06",26.3703
"2022-11-07",26.4178
"2022-11-08",26.5615
"2022-11-09",26.1121
"2022-11-10",25.5363
"2022-11-11",24.9811
"2022-11-12",26.0184
"2022-11-13",26.1027
"2022-11-14",26.3719
"2022-11-15",26.2371
"2022-11-16",25.7527
"2022-11-17",25.8708
"2022-11-18",26.1348
"2022-11-19",26.155
"2022-11-20",25.8816
"2022-11-21",25.6946
"2022-11-22",25.6331
"2022-11-23",25.6476
"2022-11-24",25.6563
"2022-11-25",25.9752
"2022-11-26",26.1332
"2022-11-27",25.7897
"2022-11-28",24.7025
"2022-11-29",25.4105
"2022-11-30",24.2557
"2022-12-01",24.3462
"2022-12-02",24.2552
"2022-12-03",24.8322
"2022-12-04",24.7114
"2022-12-05",24.8125
"2022-12-06",25.2363
"2022-12-07",24.8202
"2022-12-08",24.8591
"2022-12-09",24.6391
"2022-12-10",25.3318
"2022-12-11",25.1377
"2022-12-12",25.0339
"2022-12-13",25.009
"2022-12-14",25.1301
"2022-12-15",25.4927
"2022-12-16",24.8521
"2022-12-17",24.8314
"2022-12-18",24.9721
"2022-12-19",24.8603
"2022-12-20",24.7636
"2022-12-21",23.7695
"2022-12-22",24.8315
"2022-12-23",24.3928
"2022-12-24",24.2279
"2022-12-25",23.8184
"2022-12-26",24.4729
"2022-12-27",24.8672
"2022-12-28",24.4956
"2022-12-29",24.1174
"2022-12-30",24.5887
"2022-12-31",24.4936
"2023-01-01",24.4085
"2023-01-02",24.3241
"2023-01-03",24.1892
"2023-01-04",24.0245
"2023-01-05",24.2585
"2023-01-06",24.0604
"2023-01-07",24.2918
"2023-01-08",24.087
"2023-01-09",24.1011
"2023-01-10",24.3808
"2023-01-11",24.4711
"2023-01-12",24.8125
"2023-01-13",24.4001
"2023-01-14",24.1896
"2023-01-15",24.0417
"2023-01-16",24.3944
"2023-01-17",24.0944
"2023-01-18",24.3241
"2023-01-19",24.1847
"2023-01-20",23.6757
"2023-01-21",23.8534
"2023-01-22",23.9463
"2023-01-23",23.9676
"2023-01-24",23.5591
"2023-01-25",23.2426
"2023-01-26",23.1843
"2023-01-27",23.3558
"2023-01-28",23.1225
"2023-01-29",22.9283
"2023-01-30",23.1535
"2023-01-31",22.9222
"2023-02-01",22.9625
"2023-02-02",23.4124
"2023-02-03",23.6
"2023-02-04",24.0273
"2023-02-05",24.0321
"2023-02-06",24.0034
"2023-02-07",24.0883
"2023-02-08",23.7138
"2023-02-09",23.7411
"2023-02-10",23.7122
"2023-02-11",23.4503
"2023-02-12",23.4098
"2023-02-13",23.5451
"2023-02-14",23.7649
"2023-02-15",23.8414
"2023-02-16",23.3034
"2023-02-17",22.9339
"2023-02-18",22.8402
"2023-02-19",22.6191
"2023-02-20",22.715
"2023-02-21",22.9169
"2023-02-22",22.9214
"2023-02-23",22.7762
"2023-02-24",22.9161
"2023-02-25",22.8603
"2023-02-26",23.0922
"2023-02-27",23.3804
"2023-02-28",23.4943
"2023-03-01",24.044
"2023-03-02",24.0818
"2023-03-03",24.0583
"2023-03-04",24.1588
"2023-03-05",23.6641
"2023-03-06",23.7224
"2023-03-07",23.7581
"2023-03-08",23.4536
"2023-03-09",23.3061
"2023-03-10",23.8361
"2023-03-11",24.1793
"2023-03-12",24.3124
"2023-03-13",24.6001
"2023-03-14",24.4041
"2023-03-15",24.0522
"2023-03-16",24.5788
"2023-03-17",24.5812
"2023-03-18",24.1677
"2023-03-19",23.9476
"2023-03-20",24.136
"2023-03-21",24.456
"2023-03-22",23.9861
"2023-03-23",23.8796
"2023-03-24",23.8049
"2023-03-25",24.0249
"2023-03-26",24.1193
"2023-03-27",23.9255
"2023-03-28",23.8381
"2023-03-29",23.8715
"2023-03-30",23.9643
"2023-03-31",24.3211
"2023-04-01",24.3549
"2023-04-02",23.9454
"2023-04-03",24.0784
"2023-04-04",24.0559
"2023-04-05",23.8987
"2023-04-06",23.8366
"2023-04-07",23.8341
"2023-04-08",23.58
"2023-04-09",23.8197
"2023-04-10",24.2456
"2023-04-11",24.3501
"2023-04-12",24.069
"2023-04-13",23.869
"2023-04-14",23.8569
"2023-04-15",24.0571
"2023-04-16",23.9402
"2023-04-17",24.0946
"2023-04-18",23.9724
"2023-04-19",24.0399
"2023-04-20",24.331
"2023-04-21",24.2805
"2023-04-22",24.2728
"2023-04-23",23.9502
"2023-04-24",24.3365
"2023-04-25",24.5541
"2023-04-26",24.7164
"2023-04-27",25.529
"2023-04-28",26.4033
"2023-04-29",25.5769
"2023-04-30",26.3312
"2023-05-01",26.5622
"2023-05-02",25.8171
"2023-05-03",25.8924
"2023-05-04",26.0727
"2023-05-05",25.4952
"2023-05-06",25.3582
"2023-05-07",25.6263
"2023-05-08",25.9711
"2023-05-09",26.0113
"2023-05-10",25.3717
"2023-05-11",25.383
"2023-05-12",25.5524
"2023-05-13",25.727
"2023-05-14",25.4411
"2023-05-15",25.4073
"2023-05-16",25.4106
"2023-05-17",25.5552
"2023-05-18",25.8924
"2023-05-19",26.0767
"2023-05-20",25.9792
"2023-05-21",25.5655
"2023-05-22",25.2526
"2023-05-23",25.4093
"2023-05-24",26.0892
"2023-05-25",25.9151
"2023-05-26",26.2317
"2023-05-27",26.4986
"2023-05-28",24.9836
"2023-05-29",25.3148
"2023-05-30",26.0769
"2023-05-31",26.4397
"2023-06-01",26.6554
"2023-06-02",26.61
"2023-06-03",26.1124
"2023-06-04",27.5655
"2023-06-05",27.1262
"2023-06-06",25.4033
"2023-06-07",25.9961
"2023-06-08",26.5919
"2023-06-09",26.952
"2023-06-10",26.7275
"2023-06-11",26.6747
"2023-06-12",26.21
"2023-06-13",26.2526
"2023-06-14",26.2778
"2023-06-15",25.9743
"2023-06-16",25.8216
"2023-06-17",25.0255
"2023-06-18",25.3478
"2023-06-19",24.9849
"2023-06-20",25.9497
"2023-06-21",26.5977
"2023-06-22",25.901
"2023-06-23",25.1219
"2023-06-24",25.915
"2023-06-25",25.9936
"2023-06-26",26.0597
"2023-06-27",26.1696
"2023-06-28",25.4942
"2023-06-29",26.2824
"2023-06-30",26.2644
"2023-07-01",26.1683
"2023-07-02",26.0496
"2023-07-03",26.2917
"2023-07-04",25.7911
"2023-07-05",26.2197
"2023-07-06",25.945
"2023-07-07",25.7677
"2023-07-08",25.9251
"2023-07-09",25.9636
"2023-07-10",25.8746
"2023-07-11",25.4192
"2023-07-12",25.3854
"2023-07-13",25.914
"2023-07-14",26.2446
"2023-07-15",25.8006
"2023-07-16",25.6257
"2023-07-17",25.8356
"2023-07-18",26.0208
"2023-07-19",25.8253
"2023-07-20",25.7521
"2023-07-21",25.9301
"2023-07-22",26.1562
"2023-07-23",25.984
"2023-07-24",25.8711
"2023-07-25",25.6176
"2023-07-26",25.7447
"2023-07-27",25.8323
"2023-07-28",26.2262
"2023-07-29",26.1928
"2023-07-30",25.6168
"2023-07-31",25.3445
"2023-08-01",25.9387
"2023-08-02",26.2663
"2023-08-03",26.5598
"2023-08-04",25.7192
"2023-08-05",26.5204
"2023-08-06",26.7375
"2023-08-07",26.6664
"2023-08-08",27.1903
"2023-08-09",26.9128
"2023-08-10",26.7965
"2023-08-11",26.5988
"2023-08-12",26.7738
"2023-08-13",26.3334
"2023-08-14",26.5209
"2023-08-15",26.4798
"2023-08-16",25.0471
"2023-08-17",25.4119
"2023-08-18",26.3133
"2023-08-19",26.4145
"2023-08-20",25.7715
"2023-08-21",26.6932
"2023-08-22",26.8251
"2023-08-23",27.4764
"2023-08-24",27.272
"2023-08-25",28.0612
"2023-08-26",27.5438
"2023-08-27",27.8939
"2023-08-28",28.1315
"2023-08-29",28.0114
"2023-08-30",27.3056
"2023-08-31",27.9094
"2023-09-01",28.0121
"2023-09-02",27.4793
"2023-09-03",27.7158
"2023-09-04",27.5582
"2023-09-05",27.5567
"2023-09-06",27.7636
"2023-09-07",26.9217
"2023-09-08",27.4362
"2023-09-09",27.6
"2023-09-10",27.3062
"2023-09-12",28.2995
"2023-09-13",28.236
"2023-09-14",28.1985
"2023-09-15",28.3365
"2023-09-16",27.9834
"2023-09-17",27.9126
"2023-09-18",27.5858
"2023-09-19",27.8159
"2023-09-20",27.9373
"2023-09-21",27.8143
"2023-09-22",26.3672
"2023-09-23",27.2801
"2023-09-24",27.7898
"2023-09-25",27.6966
"2023-09-26",27.8668
"2023-09-27",27.6445
"2023-09-28",27.49
"2023-09-29",27.6549
"2023-09-30",28.1771
"2023-10-01",27.8342
"2023-10-02",27.943
"2023-10-03",27.6982
"2023-10-04",28.3048
"2023-10-05",28.123
"2023-10-06",27.5475
"2023-10-07",27.5549
"2023-10-08",28.0672
"2023-10-09",28.3367
"2023-10-10",28.1549
"2023-10-11",28.0981
"2023-10-12",27.8351
"2023-10-13",28.2259
"2023-10-14",28.2852
"2023-10-15",27.7021
"2023-10-16",27.6758
"2023-10-17",27.904
"2023-10-18",27.7928
"2023-10-19",27.5113
"2023-10-20",27.1027
"2023-10-21",27.6204
"2023-10-22",25.9419
"2023-10-23",25.6208
"2023-10-24",27.7791
"2023-10-25",27.5003
"2023-10-26",27.3592
"2023-10-27",27.5399
"2023-10-28",26.8937
"2023-10-29",27.0995
"2023-10-30",27.7376
"2023-10-31",27.607
"2023-11-01",27.7933
"2023-11-02",27.9087
"2023-11-03",26.946
"2023-11-04",27.1624
"2023-11-05",27.6174
"2023-11-06",27.7029
"2023-11-07",27.3277
"2023-11-08",27.8904
"2023-11-09",27.9082
"2023-11-10",27.8044
"2023-11-11",27.6739
"2023-11-12",27.8762
"2023-11-13",27.453
"2023-11-14",27.4483
"2023-11-15",27.244
"2023-11-16",27.1921
"2023-11-17",27.1319
"2023-11-18",27.3958
"2023-11-19",27.2015
"2023-11-20",27.3044
"2023-11-21",26.6851
"2023-11-22",26.6947
"2023-11-23",26.9763
"2023-11-24",26.6522
"2023-11-25",26.8098
"2023-11-26",26.5474
"2023-11-27",26.44
"2023-11-28",26.3839
"2023-11-29",26.4667
"2023-11-30",26.3435
"2023-12-01",25.8937
"2023-12-02",25.8674
"2023-12-03",26.009
"2023-12-04",26.0791
"2023-12-05",26.1
"2023-12-06",25.7673
"2023-12-07",25.7524
"2023-12-08",25.8321
"2023-12-09",25.8034
"2023-12-10",25.817
"2023-12-11",25.6235
"2023-12-12",25.9363
"2023-12-13",25.6277
"2023-12-14",25.461
"2023-12-15",25.7343
"2023-12-16",25.7066
"2023-12-17",25.836
"2023-12-18",25.5817
"2023-12-19",25.8928
"2023-12-20",25.7669
"2023-12-21",25.931
"2023-12-22",25.9529
"2023-12-23",25.9739
"2023-12-24",25.9021
"2023-12-25",26.2099
"2023-12-26",25.9539
"2023-12-27",26.0805
"2023-12-28",26.2527
"2023-12-29",26.1823
"2023-12-30",26.2014
"2023-12-31",25.9332
"2024-01-01",25.4688
"2024-01-02",25.834
"2024-01-03",26.2265
"2024-01-04",26.1356
"2024-01-05",25.8679
"2024-01-06",26.0129
"2024-01-07",25.7727
"2024-01-08",25.6056
"2024-01-09",25.4343
"2024-01-10",25.9193
"2024-01-11",25.6613
"2024-01-12",25.5331
"2024-01-13",25.3416
"2024-01-14",25.3717
"2024-01-15",25.3832
"2024-01-16",25.319
"2024-01-17",25.1493
"2024-01-18",25.1694
"2024-01-19",25.0048
"2024-01-20",25.3238
"2024-01-21",25.4224
"2024-01-22",24.9607
"2024-01-23",24.7607
"2024-01-24",24.721
"2024-01-25",24.6521
"2024-01-26",24.8788
"2024-01-27",24.5441
"2024-01-28",24.0288
"2024-01-29",24.3666
"2024-01-30",24.933
"2024-01-31",25.4337
"2024-02-01",25.4504
"2024-02-02",25.4266
"2024-02-03",25.479
"2024-02-04",25.6035
"2024-02-05",26.0713
"2024-02-06",26.8809
"2024-02-07",26.2706
"2024-02-08",25.5191
"2024-02-09",25.5249
"2024-02-10",26.1073
"2024-02-11",25.7254
"2024-02-12",25.692
"2024-02-13",26.0852
"2024-02-14",26.2601
"2024-02-15",26.0487
"2024-02-16",25.7551
"2024-02-17",25.6459
"2024-02-18",25.4481
"2024-02-19",25.404
"2024-02-20",25.1158
"2024-02-21",24.5198
"2024-02-22",24.6045
"2024-02-23",24.4725
"2024-02-24",25.0558
"2024-02-25",25.3621
"2024-02-26",25.0807
"2024-02-27",24.7636
"2024-02-28",24.3382
"2024-02-29",24.4061
"2024-03-01",24.2079
"2024-03-02",24.2484
"2024-03-03",24.3403
"2024-03-04",24.3485
"2024-03-05",24.4626
"2024-03-06",25.3092
"2024-03-07",25.7942
"2024-03-08",25.8183
"2024-03-09",25.7464
"2024-03-10",25.5258
"2024-03-11",25.4014
"2024-03-12",25.4685
"2024-03-13",24.9972
"2024-03-14",26.1954
"2024-03-15",25.188
"2024-03-16",25.1743
"2024-03-17",25.0464
"2024-03-18",24.7584
"2024-03-19",24.7889
"2024-03-20",24.7797
"2024-03-21",24.6581
"2024-03-22",24.5698
"2024-03-23",24.4287
"2024-03-24",24.5554
"2024-03-25",24.5883
"2024-03-26",25.045
"2024-03-27",24.8415
"2024-03-28",24.9988
"2024-03-29",24.8993
"2024-03-30",24.4723
"2024-03-31",25.4818
"2024-04-01",25.695
"2024-04-02",26.0425
"2024-04-03",26.1247
"2024-04-04",26.0788
"2024-04-05",26.3865
"2024-04-06",26.2183
"2024-04-07",26.3863
"2024-04-08",25.9811
"2024-04-09",26.003
"2024-04-10",25.9666
"2024-04-11",25.6408
"2024-04-12",25.8789
"2024-04-13",26.745
"2024-04-14",25.4642
"2024-04-15",25.519
"2024-04-16",25.7563
"2024-04-17",26.0292
"2024-04-18",25.8267
"2024-04-19",26.0294
"2024-04-20",25.5781
"2024-04-21",26.0156
"2024-04-22",25.9747
"2024-04-23",25.8292
"2024-04-24",25.651
"2024-04-25",25.7763
"2024-04-26",25.67
"2024-04-27",25.819
"2024-04-28",25.7002
"2024-04-29",25.5855
"2024-04-30",25.8116
"2024-05-01",26.187
"2024-05-02",26.5676
"2024-05-03",27.0749
"2024-05-04",26.6669
"2024-05-05",26.9835
"2024-05-06",26.8645
"2024-05-07",26.9323
"2024-05-08",26.9159
"2024-05-09",27.4939
"2024-05-10",27.0843
"2024-05-11",27.3757
"2024-05-12",27.3073
"2024-05-13",27.1612
"2024-05-14",26.8499
"2024-05-15",26.9149
"2024-05-16",26.8686
"2024-05-17",26.9931
"2024-05-18",26.7336
"2024-05-19",26.6587
"2024-05-20",26.6905
"2024-05-21",26.8086
"2024-05-22",27.008
"2024-05-23",26.9692
"2024-05-24",26.6338
"2024-05-25",26.2119
"2024-05-26",26.6401
"2024-05-27",26.8253
"2024-05-28",26.2826
"2024-05-29",26.9011
"2024-05-30",25.8051
"2024-05-31",25.7661
"2024-06-01",26.5038
"2024-06-02",26.731
"2024-06-03",26.4352
"2024-06-04",26.1645
"2024-06-05",26.7116
"2024-06-06",27.3552
"2024-06-07",26.851
"2024-06-08",26.9272
"2024-06-09",26.0782
"2024-06-10",25.7427
"2024-06-11",26.2097
"2024-06-12",26.1277
"2024-06-13",26.2739
"2024-06-14",26.5773
"2024-06-15",26.571
"2024-06-16",26.399
"2024-06-17",26.1605
"2024-06-18",26.1349
"2024-06-19",26.3603
"2024-06-20",26.3725
"2024-06-21",26.0032
"2024-06-22",25.9074
"2024-06-23",25.7781
"2024-06-24",26.3283
"2024-06-25",25.4999
"2024-06-26",26.2172
"2024-06-27",26.8798
"2024-06-28",26.7296
"2024-06-29",26.1922
"2024-06-30",26.0739
"2024-07-01",26.4867
"2024-07-02",26.6361
"2024-07-03",26.3134
"2024-07-04",26.0419
"2024-07-05",26.9113
"2024-07-06",26.7696
"2024-07-07",26.2941
"2024-07-08",25.1771
"2024-07-09",26.1545
"2024-07-10",26.1645
"2024-07-11",26.7913
"2024-07-12",26.3623
"2024-07-13",26.2259
"2024-07-14",26.2744
"2024-07-15",26.3727
"2024-07-16",24.9477
"2024-07-17",25.9288
"2024-07-18",25.7555
"2024-07-19",26.2373
"2024-07-20",26.7045
"2024-07-21",26.2592
"2024-07-22",26.1664
"2024-07-23",26.3357
"2024-07-24",25.6557
"2024-07-25",26.4923
"2024-07-26",26.2337
"2024-07-27",26.4902
"2024-07-28",26.1534
"2024-07-29",26.1594
"2024-07-30",25.8402
"2024-07-31",25.4379
"2024-08-01",26.4088
"2024-08-02",26.1734
"2024-08-03",26.5413
"2024-08-04",26.2039
"2024-08-05",25.9767
"2024-08-06",26.0758
"2024-08-07",26.4016
"2024-08-08",26.4219
"2024-08-09",26.361
"2024-08-10",26.2653
"2024-08-11",25.8244
"2024-08-12",26.0944
"2024-08-13",25.6815
"2024-08-14",26.0403
"2024-08-15",25.9698
"2024-08-16",26.6108
"2024-08-17",26.8094
"2024-08-18",26.9075
"2024-08-19",26.6424
"2024-08-20",27.2311
"2024-08-21",26.888
"2024-08-22",27.2455
"2024-08-23",27.4383
"2024-08-24",27.3683
"2024-08-25",26.7214
"2024-08-26",27.0633
"2024-08-27",27.2584
"2024-08-28",26.1397
"2024-08-29",27.1568
"2024-08-30",27.197
"2024-08-31",27.629
"2024-09-01",26.7343
"2024-09-02",25.8027
"2024-09-03",27.596
"2024-09-04",27.1972
"2024-09-05",27.2764
"2024-09-06",27.6183
"2024-09-07",27.2804
"2024-09-08",27.9491
"2024-09-09",27.8106
"2024-09-10",27.0458
"2024-09-11",27.4068
"2024-09-12",27.7595
"2024-09-13",27.628
"2024-09-14",27.1886
"2024-09-15",27.7689
"2024-09-16",28.0189
"2024-09-17",27.7621
"2024-09-18",26.3744
"2024-09-19",26.5456
"2024-09-20",27.6351
"2024-09-21",27.8915
"2024-09-22",27.7786
"2024-09-23",27.9259
"2024-09-24",28.0295
"2024-09-25",27.8832
"2024-09-26",27.3887
"2024-09-27",27.2131
"2024-09-28",27.1099
"2024-09-29",25.9936
"2024-09-30",26.5771
"2024-10-01",27.4598
"2024-10-02",27.315
"2024-10-03",27.6255
"2024-10-04",27.8041
"2024-10-05",26.9145
"2024-10-06",27.1816
"2024-10-07",28.0177
"2024-10-08",26.8659
"2024-10-09",27.9877
"2024-10-10",27.8789
"2024-10-11",27.9293
"2024-10-12",28.0324
"2024-10-13",27.9912
"2024-10-14",27.743
"2024-10-15",28.3954
"2024-10-16",28.1433
"2024-10-17",28.1431
"2024-10-18",28.0748
"2024-10-19",28.2346
"2024-10-20",27.9685
"2024-10-21",27.7635
"2024-10-22",27.6959
"2024-10-23",27.8009
"2024-10-24",27.8575
"2024-10-25",27.6486
"2024-10-26",27.5085
"2024-10-27",27.6222
"2024-10-28",27.1336
"2024-10-29",27.0785
"2024-10-30",26.8926
"2024-10-31",27.4231
"2024-11-01",27.6982
"2024-11-02",27.5409
"2024-11-03",27.2479
"2024-11-04",27.5791
"2024-11-05",27.2255
"2024-11-06",27.2271
"2024-11-07",26.9127
"2024-11-08",27.2624
"2024-11-09",27.8868
"2024-11-10",26.1226
"2024-11-11",27.7038
"2024-11-12",26.3593
"2024-11-13",26.6446
"2024-11-14",26.8675
"2024-11-15",27.3639
"2024-11-16",27.3034
"2024-11-17",27.7322
"2024-11-18",28.0225
"2024-11-19",27.355
"2024-11-20",27.5934
"2024-11-21",27.5807
"2024-11-22",27.5684
"2024-11-23",27.8848
"2024-11-24",27.3387
"2024-11-25",27.3415
"2024-11-26",27.8991
"2024-11-27",27.4851
"2024-11-28",27.7586
"2024-11-29",27.6762
"2024-11-30",27.676
"2024-12-01",27.5918
"2024-12-02",27.2836
"2024-12-03",26.825
"2024-12-04",26.5297
"2024-12-05",26.1435
"2024-12-06",25.7572
"2024-12-07",26.1572
"2024-12-08",25.9366
"2024-12-09",26.233
"2024-12-10",26.3987
"2024-12-11",26.1672
"2024-12-12",25.4376
"2024-12-13",25.4143
"2024-12-14",25.5444
"2024-12-15",25.9441
"2024-12-16",26.3512
"2024-12-17",26.6042
"2024-12-18",26.477
"2024-12-19",26.3355
"2024-12-20",26.4203
"2024-12-21",26.5731
"2024-12-22",26.6586
"2024-12-23",26.1147
"2024-12-24",26.1074
"2024-12-25",25.9461
"2024-12-26",25.6242
"2024-12-27",25.6928
"2024-12-28",25.578
"2024-12-29",25.3997
"2024-12-30",25.2705
"2024-12-31",25.4641
"2025-01-01",25.5206
"2025-01-02",25.043
"2025-01-03",25.2685
"2025-01-04",25.2113
"2025-01-05",25.4758
"2025-01-06",24.6778
"2025-01-07",25.119
"2025-01-08",25.0425
"2025-01-09",25.2227
"2025-01-10",24.7465
"2025-01-11",24.871
"2025-01-12",25.3219
"2025-01-13",24.9687
"2025-01-14",24.6143
"2025-01-15",24.4445
"2025-01-16",24.669
"2025-01-17",24.5712
"2025-01-18",24.7582
"2025-01-19",24.9433
"2025-01-20",24.4763
"2025-01-21",24.6074
"2025-01-22",24.3431
"2025-01-23",24.2805
"2025-01-24",24.3131
"2025-01-25",24.2071
"2025-01-26",24.4447
"2025-01-27",24.5681
"2025-01-28",24.646
"2025-01-29",25.088
"2025-01-30",24.8698
"2025-01-31",24.454
"2025-02-01",24.2022
"2025-02-02",24.2212
"2025-02-03",24.149
"2025-02-04",24.3773
"2025-02-05",24.1195
"2025-02-06",23.9315
"2025-02-07",23.9282
"2025-02-08",24.1544
"2025-02-09",24.0302
"2025-02-10",23.989
"2025-02-11",23.6341
"2025-02-12",23.6864
"2025-02-13",23.6883
"2025-02-14",23.6992
"2025-02-15",23.6895
"2025-02-16",23.74
"2025-02-17",23.6667
"2025-02-18",24.0361
"2025-02-19",24.13
"2025-02-20",23.6954
"2025-02-21",24.0019
"2025-02-22",23.9632
"2025-02-23",23.9245
"2025-02-24",23.784
"2025-02-25",24.2165
"2025-02-26",24.161
"2025-02-27",24.1794
"2025-02-28",24.2908
"2025-03-01",24.5683
"2025-03-02",24.4376
"2025-03-03",24.4456
"2025-03-04",24.6419
"2025-03-05",24.551
"2025-03-06",24.9527
"2025-03-07",24.5956
"2025-03-08",24.0493
"2025-03-09",23.846
"2025-03-10",24.1631
"2025-03-11",24.3312
"2025-03-12",24.5632
"2025-03-13",24.809
"2025-03-14",24.5291
"2025-03-15",24.94
"2025-03-16",25.5673
"2025-03-17",25.4107
"2025-03-18",25.2748
"2025-03-19",25.5181
"2025-03-20",25.734
"2025-03-21",26.3466
"2025-03-22",25.9126
"2025-03-23",25.7708
"2025-03-24",25.0116
"2025-03-25",25.0055
"2025-03-26",25.1111
"2025-03-27",24.887
"2025-03-28",25.0804
"2025-03-29",24.7206
"2025-03-30",24.5422
"2025-03-31",24.7823
"2025-04-01",24.5577
"2025-04-02",24.5458
"2025-04-03",24.5982
"2025-04-04",23.7271
"2025-04-05",23.736
"2025-04-06",24.0359
"2025-04-07",23.6567
"2025-04-08",23.7835
"2025-04-09",23.836
"2025-04-10",24.1081
"2025-04-11",24.6516
"2025-04-12",24.5924
"2025-04-13",24.6749
"2025-04-14",25.1454
"2025-04-15",24.7222
"2025-04-16",25.0224
"2025-04-17",25.1393
"2025-04-18",24.9892
"2025-04-19",25.4621
"2025-04-20",25.4105
"2025-04-21",25.4226
"2025-04-22",25.2607
"2025-04-23",25.238
"2025-04-24",25.2141
"2025-04-25",25.6394
"2025-04-26",25.7966
"2025-04-27",26.407
"2025-04-28",26.3953
"2025-04-29",26.6336
"2025-04-30",26.3797
"2025-05-01",26.692
"2025-05-02",26.159
"2025-05-03",26.6953
"2025-05-04",26.0361
"2025-05-05",26.3328
"2025-05-06",26.9854
"2025-05-07",26.7221
"2025-05-08",26.4061
"2025-05-09",26.4102
"2025-05-10",26.9293
"2025-05-11",27.01
"2025-05-12",26.866
"2025-05-13",27.1587
"2025-05-14",26.0368
"2025-05-15",26.6051
"2025-05-16",25.4046
"2025-05-17",26.1975
"2025-05-18",25.301
"2025-05-19",25.4781
"2025-05-20",25.9758
"2025-05-21",26.3376
"2025-05-22",26.2552
"2025-05-23",26.4594
"2025-05-24",26.1464
"2025-05-25",26.1027
"2025-05-26",25.4315
"2025-05-27",26.0152
"2025-05-28",26.002
"2025-05-29",25.8095
"2025-05-30",26.0006
"2025-05-31",26.2468
"2025-06-01",25.8537
"2025-06-02",25.7311
"2025-06-03",25.3886
"2025-06-04",25.3759
"2025-06-05",25.3211
"2025-06-06",25.3989
"2025-06-07",25.2078
"2025-06-08",25.1135
"2025-06-09",25.3197
"2025-06-10",25.3648
"2025-06-11",24.853
"2025-06-12",24.5608
"2025-06-13",24.5256
"2025-06-14",24.7
"2025-06-15",24.7375
"2025-06-16",24.9308
"2025-06-17",24.9029
"2025-06-18",25.0127
"2025-06-19",24.8856
"2025-06-20",24.7525
"2025-06-21",24.6312
"2025-06-22",25.0321
"2025-06-23",25.276
"2025-06-24",25.166
"2025-06-25",25.0827
"2025-06-26",25.2861
"2025-06-27",25.4403
"2025-06-28",25.3293
"2025-06-29",25.2603
"2025-06-30",25.3111
"2025-07-01",25.2489
"2025-07-02",25.2129
"2025-07-03",25.386
"2025-07-04",24.8883
"2025-07-05",24.4171
"2025-07-06",25.4724
"2025-07-07",24.9652
"2025-07-08",25.5828
"2025-07-09",25.534
"2025-07-10",25.3108
"2025-07-11",25.6977
"2025-07-12",25.3853
"2025-07-13",26.06
"2025-07-14",26.1072
"2025-07-15",25.771
"2025-07-16",25.9074
"2025-07-17",25.9608
"2025-07-18",25.7276
"2025-07-19",25.5797
"2025-07-20",25.239
"2025-07-21",25.6121
"2025-07-22",25.5984
"2025-07-23",25.7174
"2025-07-24",25.4007
"2025-07-25",25.3956
"2025-07-26",25.567
"2025-07-27",25.7294
"2025-07-28",25.7979
"2025-07-29",26.2046
"2025-07-30",25.8728
"2025-07-31",25.5263
"2025-08-01",26.1794
"2025-08-02",26.4332
"2025-08-03",26.4903
"2025-08-04",25.9694
"2025-08-05",25.9485
"2025-08-06",25.8032
"2025-08-07",25.6045
"2025-08-08",24.9444
"2025-08-09",25.1827
"2025-08-10",25.7346
"2025-08-11",25.6585
"2025-08-12",25.5968
"2025-08-13",25.0908
"2025-08-14",25.8578
"2025-08-15",26.0931
"2025-08-16",25.4784
"2025-08-17",26.4902
"2025-08-18",25.6268
"2025-08-19",26.0298
"2025-08-20",27.2437
"2025-08-21",26.8869
"2025-08-22",26.8392
"2025-08-23",26.3028
"2025-08-24",26.8365
"2025-08-25",25.6327
"2025-08-26",26.7933
"2025-08-27",25.422
"2025-08-28",25.6604
"2025-08-29",26.2295
"2025-08-30",26.3223
"2025-08-31",25.8836
"2025-09-01",26.4656
"2025-09-02",26.6046
"2025-09-03",26.679
"2025-09-04",26.7923
"2025-09-05",26.0048
"2025-09-06",26.225
"2025-09-07",25.3979
"2025-09-08",26.3815
"2025-09-09",26.5687
"2025-09-10",26.8335
"2025-09-11",27.1651
"2025-09-12",26.669
"2025-09-13",26.688
"2025-09-14",26.3382
"2025-09-15",25.9649
"2025-09-16",26.6781
"2025-09-17",26.9284
"2025-09-18",26.9945
"2025-09-19",27.2696
"2025-09-20",27.0074
"2025-09-21",27.2505
"2025-09-22",27.6147
"2025-09-23",27.2632
"2025-09-24",27.1439
"2025-09-25",27.2185
"2025-09-26",27.6653
"2025-09-27",27.1768
"2025-09-28",27.1867
"2025-09-29",27.5965
"2025-09-30",26.653
"2025-10-01",27.2445
"2025-10-02",27.983
"2025-10-03",27.5457
"2025-10-04",27.4771
"2025-10-05",26.8034
"2025-10-06",27.689
"2025-10-07",27.5242
"2025-10-08",27.406
"2025-10-09",27.1249
"2025-10-10",25.5666
"2025-10-11",27.2529
"2025-10-12",27.0255
"2025-10-13",27.1794
"2025-10-14",26.2428
"2025-10-15",26.9184
"2025-10-16",26.7778
"2025-10-17",27.3966
"2025-10-18",27.5788
"2025-10-19",26.7511
"2025-10-20",26.2003
"2025-10-21",27.055
"2025-10-22",26.1896
"2025-10-23",27.0459
"2025-10-24",27.298
"2025-10-25",27.0935
"2025-10-26",27.5174
"2025-10-27",27.4409
"2025-10-28",27.7184
"2025-10-29",27.7733
"2025-10-30",27.7978
"2025-10-31",27.6468
"2025-11-01",27.3919
"2025-11-02",27.0635
"2025-11-03",26.7956
"2025-11-04",26.7147
"2025-11-05",26.9478
"2025-11-06",26.8304
"2025-11-07",26.5279
"2025-11-08",26.4275
"2025-11-09",26.4601
"2025-11-10",26.3759
"2025-11-11",26.7275
"2025-11-12",26.0683
"2025-11-13",25.8632
"2025-11-14",26.2066
"2025-11-15",26.056
"2025-11-16",26.1687
"2025-11-17",25.9565
"2025-11-18",26.5497
"2025-11-19",25.9446
"2025-11-20",25.8964
"2025-11-21",25.9323
"2025-11-22",25.8194
"2025-11-23",25.8467
"2025-11-24",25.4363
"2025-11-25",25.5291
"2025-11-26",25.6669
"2025-11-27",25.4856
"2025-11-28",25.5645
"2025-11-29",25.8151
"2025-11-30",25.5053
"2025-12-01",25.3198
"2025-12-02",25.3362
"2025-12-03",24.8867
"2025-12-04",25.0244
"2025-12-05",25.3306
"2025-12-06",25.3409
"2025-12-07",25.2098
"2025-12-08",25.364
"2025-12-09",25.1953
"2025-12-10",25.1878
"2025-12-11",25.0909
"2025-12-12",25.3701
"2025-12-13",25.0507
"2025-12-14",25.256
"2025-12-15",25.2085
"2025-12-16",25.0351
"2025-12-17",25.3365
"2025-12-18",25.4354
"2025-12-19",24.7762
"2025-12-20",24.809
"2025-12-21",24.9264
"2025-12-22",24.9267
"2025-12-23",24.4545
"2025-12-24",24.3816
"2025-12-25",24.0752
"2025-12-26",24.4545
"2025-12-27",24.9722
"2025-12-28",24.832
"2025-12-29",24.6906
"2025-12-30",25.2519
"2025-12-31",25.3458
"2026-01-01",25.8817
"2026-01-02",25.6514
"2026-01-03",25.2011
"2026-01-04",25.3799
"2026-01-05",25.4621
"2026-01-06",25.1532
"2026-01-07",25.2088
"2026-01-08",25.1733
"2026-01-09",25.0171
"2026-01-10",25.0428
"2026-01-11",24.9008
"2026-01-12",24.8612
"2026-01-13",24.8645
"2026-01-14",24.8618
"2026-01-15",24.742
"2026-01-16",24.9523
"2026-01-17",24.3546
"2026-01-18",24.4132
"2026-01-19",24.2424
"2026-01-20",24.4611
"2026-01-21",24.4813
"2026-01-22",24.3844
"2026-01-23",24.5146
"2026-01-24",24.7358
"2026-01-25",24.8188
"2026-01-26",24.5955
"2026-01-27",24.5501
"2026-01-28",24.3188
"2026-01-29",24.3215
"2026-01-30",24.4569
"2026-01-31",24.837
"2026-02-01",25.1216
"2026-02-02",25.1114
"2026-02-03",24.7422
"2026-02-04",24.5592
"2026-02-05",24.2344
"2026-02-06",24.1196
"2026-02-07",24.0919
"2026-02-08",24.3521
"2026-02-09",24.7198
"2026-02-10",24.8807
"2026-02-11",24.8666
"2026-02-12",24.6835
"2026-02-13",25.2104
"2026-02-14",25.4515
"2026-02-15",25.2925
"2026-02-16",25.1653
"2026-02-17",25.0509
"2026-02-18",25.3701
"2026-02-19",24.8899
"2026-02-20",24.9609
"2026-02-21",24.8541
"2026-02-22",24.4319
"2026-02-23",24.4927
"2026-02-24",24.5808
"2026-02-25",24.5429
"2026-02-26",24.4925
"2026-02-27",24.2422
"2026-02-28",24.1642
"2026-03-01",24.3817
"2026-03-02",24.2146
"2026-03-03",24.385
"2026-03-04",24.1725
"2026-03-05",23.9536
"2026-03-06",23.9277
"2026-03-07",24.2078
"2026-03-08",24.052
"2026-03-09",24.2605
"2026-03-10",24.2293
"2026-03-11",24.0562
"2026-03-12",23.8908
"2026-03-13",23.9499
"2026-03-14",23.9347
"2026-03-15",23.9512
"2026-03-16",24.0306
"2026-03-17",24.1321
"2026-03-18",23.7304
"2026-03-19",23.6074
"2026-03-20",23.6715
"2026-03-21",23.5168
"2026-03-22",23.8345
"2026-03-23",23.7678
"2026-03-24",24.1997
"2026-03-25",24.6309
"2026-03-26",24.3866
"2026-03-27",24.4014
"2026-03-28",24.4675
"2026-03-29",24.3397
"2026-03-30",24.5675
"2026-03-31",24.6302
"2026-04-01",24.3374
"2026-04-02",24.8979
"2026-04-03",24.7842
"2026-04-04",25.0095
"2026-04-05",25.3873
"2026-04-06",25.3743
"2026-04-07",25.4871
"2026-04-08",25.6417
"2026-04-09",25.8108
"2026-04-10",25.346
"2026-04-11",25.6161
"2026-04-12",25.5233
"2026-04-13",25.8294
"2026-04-14",24.9931
"2026-04-15",25.0529
"2026-04-16",25.3899
"2026-04-17",25.463
"2026-04-18",25.6374
"2026-04-19",25.4014
"2026-04-20",25.4412
"2026-04-21",25.35
"2026-04-22",24.9719
"2026-04-23",25.0612
"2026-04-24",25.643
"2026-04-25",25.6554
"2026-04-26",25.1089
"2026-04-27",25.4852
"2026-04-28",25.8535
"2026-04-29",25.8993
"2026-04-30",26.0521
"2026-05-01",26.0431
"2026-05-02",26.2555
"2026-05-03",26.2205
"2026-05-04",25.9631
"2026-05-05",25.9895
"2026-05-06",26.0146
"2026-05-07",25.9303
"2026-05-08",25.4612
"2026-05-09",25.3488
"2026-05-10",25.3756
"2026-05-11",25.6029
"2026-05-12",25.4478
"2026-05-13",25.3171
"2026-05-14",25.3751
"2026-05-15",25.4375
"2026-05-16",25.2415
"2026-05-17",25.0891
"2026-05-18",25.122
"2026-05-19",25.1427
"2026-05-20",25.3074
"2026-05-21",25.3301
"2026-05-22",25.1013
"2026-05-23",25.0724
"2026-05-24",24.9712
"2026-05-25",25.0387
"2026-05-26",25.5753,25.2732